parent_operator,total_capacity_kw,market_share_percent
Berkshire Hathaway,9756499.0,7.851941935975935
Avangrid,7363340.0,5.925949270824406
"Big Sky Wind, LLC",5053620.0,4.067107556356713
Invenergy,3546780.0,2.8544163864190146
"EDF Renewable Asset Holdings, Inc.",3275605.0,2.6361772050806804
Duke Energy,2968530.0,2.389046029236783
Pattern Operators LP,2518130.0,2.0265681928772894
Southern Company,2347165.0,1.8889771109652096
Engie North America,1957415.0,1.5753098447105194
Northern States Power Co - Minnesota,1915200.0,1.5413355954611498
AE Power Services LLC,1654950.0,1.3318887550691467
Enel,1631530.0,1.3130405514111998
"Leeward Asset Management, LLC",1610765.0,1.2963290676811712
Interstate Power and Light Co,1290250.0,1.0383815016936866
DTE Electric Company,1233020.0,0.9923233165807784
Algonquin Power Co,1201500.0,0.9669563063630803
Public Service Co of Colorado,1094400.0,0.8807631974063713
AES Distributed Energy,1093100.0,0.8797169691930778
NextEra Energy,1092500.0,0.8792340946330964
Onward Energy,1042100.0,0.838672631594645
Southwestern Public Service Co,998600.0,0.8036642259959818
ALLETE Clean Energy,929690.0,0.7482060827820992
Boralex US Operations LLC,893550.0,0.719120938452543
Caithness Shepherds Flat LLC,845000.0,0.6800483386407016
SunEdison LLC,840280.0,0.6762497254355132
Portland General Electric Co,816960.0,0.6574820008708965
Puget Sound Energy Inc,771900.0,0.6212181214162811
FPL Energy Horse Hollow LLC,735500.0,0.5919237314440663
"Evergreen Wind, LLC",697200.0,0.5611002386985764
Terra-Gen Operating Co-Wind,671216.0,0.5401885510876415
Capricorn Ridge Wind LLC,662500.0,0.533173993312976
Consumers Energy Co - (MI),642080.0,0.5167401624549368
"Evergy Kansas Central, Inc",625700.0,0.5035576869674402
"Valcour Operating Services, LLC",612000.0,0.4925320511811945
Limon,600600.0,0.48335743454154473
Empire District Electric Co,599800.0,0.4827136017949027
Acciona Wind Energy USA LLC,546720.0,0.43999529905520035
"Aviator Wind, LLC",525020.0,0.4225313358025338
"ALLETE, Inc.",521600.0,0.419778950810639
"High Lonesome Wind Power, LLC",500535.0,0.4028260298006196
Oklahoma Gas & Electric Co,448700.0,0.36110969177287905
"Acciona Energy USA Global, LLC",436050.0,0.35092908646660104
Wisconsin Power & Light Co,421150.0,0.33893770156039227
Mesquite Star Special LLC,418900.0,0.33712692196046135
"Jordan Creek Wind Farm, LLC",401920.0,0.32346157191298314
Union Electric Co - (MO),400000.0,0.3219163733210421
Mesquite Wind LLC,400000.0,0.3219163733210421
Headwaters Wind Farm LLC,382400.0,0.3077520528949163
Stephens Ranch Wind Energy LLC,375900.0,0.3025209118284493
Otter Tail Power Co,350400.0,0.2819987430292329
Mohave County Wind Farm,349600.0,0.2813549102825908
"Foard City Wind, LLC",345240.0,0.27784602181339146
"Sage Draw Wind, LLC",338400.0,0.27234125182960167
Wisconsin Electric Power Co,337200.0,0.2713755027096385
"Flat Rock Windpower, LLC",321750.0,0.25894148279011325
"Rattlesnake Creek Wind Project, LLC",318150.0,0.2560442354302239
Consolidated Edison Development Inc.,308650.0,0.24839872156384915
Exus Pennsylvania Wind Holdings,306900.0,0.24699033743056956
TC Energy,303750.0,0.24445524599066634
Greenbacker Renewable Energy Corporation,301750.0,0.24284566412406117
Soldier Creek Wind LLC,300960.0,0.24220987928675208
"FPLE Wind, LLC",300800.0,0.24208111273742366
"Pioneer Prairie Wind Farm I, LLC",300300.0,0.24167871727077236
"Milligan 1 Wind, LLC",300000.0,0.2414372799907816
Chisholm View Wind Project,300000.0,0.2414372799907816
"Tahoka Wind, LLC",300000.0,0.2414372799907816
"TX Jumbo Road Wind, LLC",299700.0,0.2411958427107908
Balko Wind LLC,299700.0,0.2411958427107908
FPL Energy Vansycle LLC,299640.0,0.24114755525479267
"Bronco Plains Wind, LLC",299360.0,0.24092221379346793
"Red Dirt Wind Project, LLC",299250.0,0.24083368679080464
"Aurora Wind Project, LLC",298800.0,0.2404715308708185
Canadian Hills Wind LLC,298450.0,0.24018985404416254
"Thunder Ranch Wind Project, LLC",297800.0,0.23966673993751586
Ranchero Wind Farm LLC,297500.0,0.2394253026575251
"Torrecillas Wind Energy, LLC",297500.0,0.2394253026575251
Kingfisher Wind LLC,296000.0,0.23821811625757117
Basin Electric Power Coop,284600.0,0.22904349961792148
Orion Energy Group LLC,280500.0,0.22574385679138081
Public Service Co of Oklahoma,278135.0,0.22384052623412015
FPL Energy Upton Wind LP,276900.0,0.2228466094314914
Clearway Energy,264000.0,0.21246480639188783
Shell Wind Energy Inc.,262420.0,0.21119323671726972
Windy Flats Partners LLC,262200.0,0.2110161827119431
"Dermott Wind, LLC",253000.0,0.20361210612555913
"Las Majadas Wind Farm, LLC",251600.0,0.2024853988189355
Skeleton Creek Energy Center,250900.0,0.20192204516562368
"Nobles 2 Power Partners, LLC",250400.0,0.20151964969897235
Cedar Point LLC,250200.0,0.20135869151231187
Amadeus Wind LLC,250120.0,0.20129430823764763
"Willow Springs Windfarm, LLC",250000.0,0.20119773332565133
Hidalgo Wind Farm LLC,250000.0,0.20119773332565133
Palo Duro Wind,249900.0,0.2011172542323211
Buffalo Dunes Wind Project LLC,249750.0,0.2009965355923257
"Javelina Wind Energy, LLC",249690.0,0.2009482481363275
Chapman Ranch Wind LLC,249075.0,0.20045330171234643
Rush Springs Wind Project,246925.0,0.19872300120574582
"Golden West Power Partners, LLC",246500.0,0.19838096505909222
Tucson Electric Power Co,244980.0,0.19715768284047225
"Pratt Wind, LLC",243800.0,0.1962080295391752
"El Campo Wind, LLC (Longroad)",242800.0,0.19540323860587258
"Clear Creek Wind, LLC",242000.0,0.19475940585923052
Big Sky Wind LLC,239400.0,0.19266694943264373
"Rio Bravo Windpower, LLC",237600.0,0.191218325752699
"White Cloud Wind Project, LLC",236500.0,0.19033305572606615
"Plum Creek Wind, LLC",231240.0,0.18609985541689447
"Electra Wind, LLC",230000.0,0.18510191465959921
"Horse Creek Wind, LLC",230000.0,0.18510191465959921
Wisconsin Public Service Corp,228000.0,0.183492332792994
"Roundhouse Renewable Energy, LLC",226560.0,0.18233343384903827
FPL Energy Illinois Wind LLC,217500.0,0.17504202799331667
"Emmons-Logan Wind, LLC",216440.0,0.1741889496040159
"Armadillo Flats Wind Project, LLC",216405.0,0.17416078192135032
"Marble River, LLC",215250.0,0.1732312483933858
NRG Energy Gas & Wind Holdings Inc,214500.0,0.17262765519340884
FPL Peetz Table Wind Energy,212800.0,0.17125951060679442
"Crocker Wind Farm, LLC",209440.0,0.16855541307089766
Reloj del Sol Wind Farm LLC,209400.0,0.16852322143356557
Ninnescah Wind Energy LLC,208265.0,0.1676097837242671
"Kingman Wind Energy, LLC",206550.0,0.16622956727365312
Lexington Chenoa Wind Farm LLC,205200.0,0.1651430995136946
Montana-Dakota Utilities Co,205000.0,0.1649821413270341
"Sequitur Renewables, LLC",204960.0,0.16494994968970197
White Creek Wind 1 LLC,204700.0,0.1647407040470433
Shannon Wind LLC,204085.0,0.1642457576230622
FPL Energy New Mexico Wind LLC,204000.0,0.1641773503937315
"Ponderosa Wind, LLC",203570.0,0.1638312902924114
"Milford Wind Corridor Phase I, LLC (Longroad)",203500.0,0.1637749549270802
Sugar Creek Wind One LLC,202000.0,0.1625677685271263
"Cloud County Windfarm, LLC",201000.0,0.1617629775938237
Logan Wind Energy LLC,201000.0,0.1617629775938237
Meadow Lake Wind Farm VI LLC,200400.0,0.1612801030338421
"Blue Summit III Wind, LLC",200200.0,0.1611191448471816
"Crowned Ridge Wind, LLC",200100.0,0.16103866575385134
Elk City LLC,200060.0,0.16100647411651922
"Javelina Wind Energy II, LLC",200000.0,0.16095818666052106
"Cimarron Bend Wind Project II, LLC",200000.0,0.16095818666052106
Caney River Wind Project,199800.0,0.16079722847386055
Harvest Ridge Wind Farm,199800.0,0.16079722847386055
Meadow Lake Wind Farm LLC,199650.0,0.16067650983386514
"Cedar Springs Wind, LLC",199400.0,0.1604753121005395
Prairie Queen Wind Farm LLC,199275.0,0.1603747132338767
Turtle Creek Wind Farm LLC,199200.0,0.160314353913879
"Wheatridge Wind Holdings, LLC",199080.0,0.1602177790018827
Waverly Wind Farm LLC,199000.0,0.16015339572721848
Ridgeline Energy LLC,198900.0,0.1600729166338882
Mammoth Plains Wind Project,198900.0,0.1600729166338882
"Enel Kansas, LLC",198840.0,0.16002462917789007
FPL Energy Crystal Lake Wind II LLC,198800.0,0.15999243754055795
"Cedar Bluff Wind, LLC",198690.0,0.15990391053789466
Old Trail Wind Farm LLC,198000.0,0.15934860479391585
High Trail Wind Farm LLC,198000.0,0.15934860479391585
Blackstone Wind Farm II LLC,198000.0,0.15934860479391585
Trinity Hills Wind Farm LLC,198000.0,0.15934860479391585
"Bluestem Wind Energy, LLC",198000.0,0.15934860479391585
"Bearkat Wind Energy 1, LLC",196650.0,0.15826213703395733
"Cimarron Bend Wind Project I, LLC",196000.0,0.15773902292731065
"Green River Wind Farm Phase 1, LLC",194250.0,0.15633063879403108
Burke Wind LLC,193240.0,0.15551779995139545
Canadian Breaks LLC,193200.0,0.15548560831406336
NaturEner Rim Rock Energy LLC,189000.0,0.1521054863941924
"Hilltopper Wind Project, LLC",185000.0,0.14888632266098198
Los Angeles Department of Water & Power,185000.0,0.14888632266098198
Idaho Wind Partners 1 LLC,183000.0,0.14727674079437678
"Lockett Windfarm, LLC",181300.0,0.14590859620776234
Wildcat Creek Wind Farm LLC,180075.0,0.14492272731446665
Bull Creek Wind LLC,180000.0,0.14486236799446894
Scout Clean Energy LLC,179880.0,0.14476579308247264
CP Bloom Wind LLC,178200.0,0.14341374431452428
Northern Colorado Wind LLC,175700.0,0.14140176698126777
FPL Energy Langdon Wind LLC,170160.0,0.13694322521077132
"Alta Wind V, LLC",168000.0,0.1352048767948377
"Pinyon Pines Wind I, LLC",168000.0,0.1352048767948377
Hackberry Wind LLC,165600.0,0.13327337855491145
Cimarron Wind Energy LLC,165600.0,0.13327337855491145
Cameron Wind 1 LLC,165000.0,0.13279050399492986
Astra Wind LLC,163200.0,0.1313418803149852
North Sky River Energy LLC,162000.0,0.13037613119502206
"FPLE High Winds, LLC",162000.0,0.13037613119502206
"Wildorado Wind, LLC",160700.0,0.12932990298172867
"Sholes Wind Energy Center, LLC",160020.0,0.1287826451470829
"Rattlesnake Power, LLC",160000.0,0.12876654932841686
Langford Wind Power LLC,160000.0,0.12876654932841686
"Midway Wind, LLC",159390.0,0.12827562685910227
Fluvanna Wind Energy LLC,158000.0,0.12715696746181165
"FPL Energy Weatherford, LLC",156800.0,0.12619121834184852
Osborn Wind Energy LLC,155950.0,0.1255071460485413
Tatanka Ridge LLC,155000.0,0.12474259466190382
Smoky Hills Wind Project II LLC,153500.0,0.12353540826194993
CPV Keenan II Renewable Energy Co LLC,151800.0,0.1221672636753355
Trent Wind Farm LLC,151700.0,0.12208678458200523
"Pegasus Wind, LLC",151300.0,0.12176486820868418
"Old Settler Wind, LLC",151200.0,0.12168438911535392
"Wildcat Ranch Wind Project, LLC",150590.0,0.12119346664603933
"Green Pastures Wind I, LLC",150000.0,0.1207186399953908
"Alta Wind III, LLC",150000.0,0.1207186399953908
"Alta Wind I, LLC",150000.0,0.1207186399953908
White Oak Energy LLC,150000.0,0.1207186399953908
Cardinal Point LLC,150000.0,0.1207186399953908
"Cedro Hill Wind, LLC",150000.0,0.1207186399953908
"Foxtail Wind, LLC",150000.0,0.1207186399953908
Loraine Windpower Project,150000.0,0.1207186399953908
FPL Energy Story Wind LLC,150000.0,0.1207186399953908
FPL Energy Crystal Lake Wind LLC,150000.0,0.1207186399953908
"Mustang Hills, LLC (Longroad)",150000.0,0.1207186399953908
"Green Pastures Wind II, LLC",150000.0,0.1207186399953908
"Rattlesnake Flat, LLC",149900.0,0.12063816090206055
"Briscoe Wind Farm, LLC",149850.0,0.1205979213553954
"Brady Wind, LLC",149730.0,0.1205013464433991
Goat Wind LLC,149600.0,0.12039672362206975
Blue Canyon Windpower II LLC,149400.0,0.12023576543540924
"Rocksprings Val Verde Wind, LLC",149340.0,0.1201874779794111
"Brady Wind II, LLC",149030.0,0.11993799279008727
"Deerfield Wind Energy, LLC",149000.0,0.1199138490620882
Rocky Ridge Wind Project LLC,148800.0,0.11975289087542768
UPC Power Solutions,148550.0,0.11955169314210201
Evergy Metro,148500.0,0.1195114535954369
FPL Energy Ashtabula Wind LLC,148500.0,0.1195114535954369
"Carousel Wind Farm, LLC",147900.0,0.11902857903545531
"Alta Wind II, LLC",147000.0,0.118304267195483
Garden Wind LLC,147000.0,0.118304267195483
"Bitter Ridge Wind Farm, LLC",146640.0,0.11801454245949404
TransAlta Wyoming Wind LLC,144000.0,0.11588989439557516
Desert Sky Wind Farm LP,142700.0,0.11484366618228177
DTE Sustainable Generation,138000.0,0.11106114879575954
"Mountain Air Projects, LLC",138000.0,0.11106114879575954
Turlock Irrigation District,136600.0,0.10993444148913588
Blue Summit Wind LLC,135400.0,0.10896869236917275
"Cedar Springs Wind III, LLC",133280.0,0.10726253559057125
"Helix Maine Wind Development, LLC",132000.0,0.10623240319594392
Taloga Wind LLC,129600.0,0.10430090495601767
"Alta Wind X, LLC",128250.0,0.10321443719605913
"Minco Wind IV, LLC",126450.0,0.10176581351611445
Paulding Wind Farm IV LLC,126000.0,0.10140365759612827
Elbow Creek Wind Project LLC,121900.0,0.0981040147695876
Sherbino II Wind Farm LLC,120500.0,0.09697730746296394
Tuscola Bay Wind LLC,120000.0,0.09657491199631263
Ashtabula Wind II LLC,120000.0,0.09657491199631263
"Bluff Point Wind, LLC",117600.0,0.09464341375638638
Great Plains Windpark Legacy LLC,114000.0,0.091746166396497
"FPL Energy Callahan Wind, LLC",114000.0,0.091746166396497
Madison Gas & Electric Co,112870.0,0.09083675264186507
Gray County Wind Energy LLC,112200.0,0.09029754271655233
Smoky Hills Wind Farm I LLC,112000.0,0.0901365845298918
"Keechi Wind, LLC",110000.0,0.08852700266328659
NaturEner Glacier Wind Energy 1 LLC,106500.0,0.08571023439672747
Willow Creek Wind Power LLC,106400.0,0.08562975530339721
Day County Wind LLC,105600.0,0.08498592255675512
"Northwest Ohio Wind, LLC",105000.0,0.08450304799677355
EDP Renewables North America LLC,104000.0,0.08369825706347095
"Shooting Star Power Partners, LLC",104000.0,0.08369825706347095
Meadow Lake Wind Farm III LLC,103500.0,0.08329586159681965
NaturEner Glacier Wind Energy 2 LLC,103500.0,0.08329586159681965
Arlington Wind Power Project LLC,102700.0,0.08265202885017757
"New Creek Wind, LLC",102500.0,0.08249107066351705
Red Mesa Wind LLC,102400.0,0.08241059157018678
Baldwin Wind LLC,102400.0,0.08241059157018678
Sacramento Municipal Util Dist,102180.0,0.08223353756486022
"Alta Wind IV, LLC",102000.0,0.08208867519686575
Milford Wind Corridor Stage II LLC,102000.0,0.08208867519686575
Blackstone Wind Farm LLC,102000.0,0.08208867519686575
FPL Energy Oklahoma Wind LLC,102000.0,0.08208867519686575
Rosewater Wind Farm LLC,102000.0,0.08208867519686575
"Coram California Development, L.P.",102000.0,0.08208867519686575
NRG Energy Inc,101200.0,0.08144484245022365
Paulding Wind Farm III LLC,100800.0,0.08112292607690262
"Sagebrush Power Partners, LLC",100800.0,0.08112292607690262
High Prairie Wind Farm II LLC,100650.0,0.08100220743690723
Telocaset Wind Power Partners,100650.0,0.08100220743690723
Lost Lakes Wind Farm LLC,100650.0,0.08100220743690723
Tuscola Wind II LLC,100300.0,0.08072053061025132
"Buckthorn Wind Project, LLC",100050.0,0.08051933287692567
Meadowlark Wind I LLC,100050.0,0.08051933287692567
"Apple Blossom Wind, LLC",100050.0,0.08051933287692567
"FPL Energy Hancock County Wind, LLC",100048.0,0.08051772329505906
Meadow Lake Wind Farm V LLC,100000.0,0.08047909333026053
Arbuckle Mountain Wind Farm LLC,100000.0,0.08047909333026053
"Alta Wind XI, LLC",99900.0,0.08039861423693027
Rail Splitter Wind Farm LLC,99550.0,0.08011693741027436
"High Lonesome Mesa, LLC",99400.0,0.07999621877027897
Redbed Plains Wind Farm LLC,99100.0,0.07975478149028818
Meadow Lake Wind Farm II LLC,99000.0,0.07967430239695793
Blue Canyon Windpower V LLC,99000.0,0.07967430239695793
Osceola Windpower LLC,99000.0,0.07967430239695793
Paulding Wind Farm II LLC,99000.0,0.07967430239695793
Rising Tree Wind Farm III LLC,99000.0,0.07967430239695793
Rising Tree Wind Farm LLC,99000.0,0.07967430239695793
Blue Canyon Windpower VI LLC,99000.0,0.07967430239695793
FPL Energy Stateline II Inc,98900.0,0.07959382330362766
Harvest Wind Project TIC,98900.0,0.07959382330362766
Meadow Lake Wind Farm IV LLC,98700.0,0.07943286511696714
Hoopeston Wind LLC,98000.0,0.07886951146365533
Quilt Block Wind Farm LLC,98000.0,0.07886951146365533
Perrin Ranch Wind LLC,97600.0,0.07854759509033428
Wheat Field Wind Power Project LLC,96600.0,0.07774280415703168
Energy Northwest,95900.0,0.07717945050371985
"Oliver Wind III, LLC",95050.0,0.07649537821041263
Coyote Ridge LLC,94400.0,0.07597226410376595
"Whitetail Wind Energy, LLC",91200.0,0.0733969331171976
Colorado Highlands Wind LLC,91000.0,0.07323597493053709
"Michigan Wind 2, LLC",90000.0,0.07243118399723447
Big Level Wind LLC,90000.0,0.07243118399723447
Cottonwood Wind Project,89960.0,0.07239899235990237
"Black Hills Colorado Electric, LLC",89660.0,0.0721575550799116
"Heartland Divide Wind Project, LLC",86800.0,0.06985585301066614
FPL Energy Red Canyon LLC,84000.0,0.06760243839741885
NWP Indian Mesa Wind Farm LP,82500.0,0.06639525199746493
"Beebe Renewable Energy, LLC",81600.0,0.0656709401574926
"Golden Hills Wind, LLC",81600.0,0.0656709401574926
Pecos Wind I LP,81180.0,0.0653329279655055
Laredo Ridge Wind LLC,81000.0,0.06518806559751103
"Bishop Hill Energy II, LLC",81000.0,0.06518806559751103
"Elkhorn Ridge Wind, LLC",81000.0,0.06518806559751103
"Old Gold Energy Center, LLC",80100.0,0.06446375375753868
Llano Estacado Wind Ranch,80000.0,0.06438327466420843
Broken Bow Wind LLC,80000.0,0.06438327466420843
Mountain Wind Power II LLC,79800.0,0.0642223164775479
NorthWestern Energy - (SD),79550.0,0.06402111874422226
Arkwright Summit Wind Farm LLC,78400.0,0.06309560917092426
"Vasco Winds, LLC",78200.0,0.06293465098426375
"Golden Spread Electric Cooperative, Inc",78200.0,0.06293465098426375
"Black Oak Wind, LLC",78000.0,0.06277369279760323
"Sendero Wind Energy, LLC",78000.0,0.06277369279760323
Jericho Rise Wind Farm LLC,77700.0,0.06253225551761243
Pecos Wind II LP,76560.0,0.06161479385364746
SRIV Partnership LLC,75270.0,0.06057661354968711
"Pinyon Pines Wind II, LLC",75000.0,0.0603593199976954
Pheasant Run Wind LLC,74800.0,0.06019836181103488
Steele Flats Wind Project LLC,74800.0,0.06019836181103488
"Chopin Wind, LLC",74650.0,0.06007764317103949
Blue Canyon Windpower LLC,74250.0,0.05975572679771845
"Weaver Wind, LLC (Longroad)",72600.0,0.058427821757769144
"Lorenzo Wind, LLC",71260.0,0.05734940190714366
Criterion Power Partners LLC,70000.0,0.05633536533118237
Green Mountain Power Corp,69500.0,0.055932969864531064
Kawailoa Wind LLC,69000.0,0.05553057439787977
"Michigan Wind 1, LLC",69000.0,0.05553057439787977
"Blue Summit II Wind, LLC",66860.0,0.053808321800612194
Crystal Lake 3 LLC,66000.0,0.05311620159797196
Hog Creek Wind Project LLC,66000.0,0.05311620159797196
"Axium Arizona Renewables, LLC",65100.0,0.052391889757999605
Eurus Combine Hills II LLC,63000.0,0.05070182879806413
Spring Canyon Expansion LLC,62650.0,0.05042015197140822
Whitney Hill Wind Power LLC,62560.0,0.05034772078741098
FPL Energy North Dakota Wind LLC,61500.0,0.04949464239811023
Mountain Wind Power LLC,60900.0,0.04901176783812867
Flat Water Wind Farm LLC,60000.0,0.048287455998156315
Whirlwind Energy LLC,59800.0,0.0481264978114958
"Blackwell Wind, LLC",59800.0,0.0481264978114958
"Harvest II Windfarm, LLC",59400.0,0.04780458143817475
Black Hills Electric Generation LLC,59400.0,0.04780458143817475
Nebraska Public Power District,59400.0,0.04780458143817475
Black Hills Service Company LLC,59220.0,0.04765971907018029
Utah Associated Mun Power Sys,57600.0,0.046355957758230065
"Wind Capital Holdings, LLC",56700.0,0.045631645918257725
Howard Wind LLC (Longroad),55350.0,0.044545178158299205
"Pinnacle Wind, LLC",55200.0,0.044424459518303816
Butler Ridge Wind Energy Center,54000.0,0.04345871039834069
"Harvest Windfarm, LLC",52800.0,0.04249296127837756
FPL Energy Oliver County Wind II LLC,51200.0,0.04120529578509339
Wessington Wind,51000.0,0.04104433759843287
FPL Energy Oliver County Wind,50600.0,0.04072242122511183
Record Hill Wind LLC,50600.0,0.04072242122511183
"CR Clearing, LLC",50400.0,0.04056146303845131
"Beebe 1B Renewable Energy, LLC",50400.0,0.04056146303845131
Capital Power Corporation,50400.0,0.04056146303845131
"Cow Branch Wind Power, LLC",50400.0,0.04056146303845131
"Cotton Plains Wind I, LLC",50400.0,0.04056146303845131
Hidalgo Wind Farm II LLC,50400.0,0.04056146303845131
NorthWestern Energy (MT wind/thermal),50175.0,0.040380385078458224
Roth Rock Wind Farm LLC,50000.0,0.040239546665130264
Osceola Windpower II,49600.0,0.039917630291809225
Diamond Shamrock Refining Company LP,49500.0,0.039837151198478964
Wilton Wind II LLC,49500.0,0.039837151198478964
"FPL Energy Operating Services, Inc.",49500.0,0.039837151198478964
FPL Energy Burleigh County Wind LLC,49500.0,0.039837151198478964
"Casa Mesa Wind, LLC",48400.0,0.0389518811718461
Lakeswind Power Partners,48000.0,0.038629964798525054
Silver Star I Power Partners LLC,48000.0,0.038629964798525054
"Golden Hills Interconnection Wind, LLC",43700.0,0.03516936378532385
Junction Hilltop Management LLC,43700.0,0.03516936378532385
Minnesota Municipal Power Agny,43200.0,0.03476696831867255
Justin McNeilus,42450.0,0.03416337511869559
"Palmer's Creek Wind Farm, LLC",42100.0,0.033881698292039686
"Crofton Bluffs Wind, LLC",42000.0,0.033801219198709424
Eurus Combine Hills I LLC,41000.0,0.03299642826540682
FPL Energy South Dakota Wind LLC,40500.0,0.032594032798755515
TPW Petersburg LLC,40500.0,0.032594032798755515
"BEAM US, LLC",40080.0,0.032256020606768424
"Fourmile Wind Energy, LLC",40000.0,0.032191637332104214
"High Mesa Energy, LLC",39900.0,0.03211115823877395
Ringer Hill Wind LLC,39900.0,0.03211115823877395
Salka Cabazon Wind LLC,38250.0,0.030783253198824655
"Lookout Windpower, LLC",37800.0,0.03042109727883848
Cerro Gordo Wind Farm,36800.0,0.029616306345535876
FPL Energy Montezuma Wind,36800.0,0.029616306345535876
Big Blue Wind Farm LLC (MN),36000.0,0.02897247359889379
San Gorgonio Farms Inc,35955.0,0.028936258006895175
Echo 1,34650.0,0.027886005838935274
"CPV Saddleback Ridge Wind, LLC",34200.0,0.027523849918949104
"Fair Wind Power Partners, LLC",30000.0,0.024143727999078157
CHI Energy Inc,30000.0,0.024143727999078157
Red Horse 2,30000.0,0.024143727999078157
"Kimball Wind, LLC",30000.0,0.024143727999078157
AEM Wind LLC,29900.0,0.0240632489057479
CHI Operations Inc,29700.0,0.023902290719087376
"Forward Windpower, LLC",29400.0,0.023660853439096595
Antrim Wind Energy LLC,28800.0,0.023177978879115033
"Wildcat Wind, LLC",27300.0,0.021970792479161127
Ridgewind Power Partners LLC,25300.0,0.020361210612555913
ESI Vansycle Partners LP,25080.0,0.02018415660722934
Golden Valley Elec Assn Inc,24600.0,0.019797856959244093
Na Pua Makani Power Partners LLC,24150.0,0.01943570103925792
Auwahi Wind Energy LLC,24000.0,0.019314982399262527
Midwest Power Partners LLC,23750.0,0.019113784665936877
CPV Canton Mountain Wind LLC,22800.0,0.0183492332792994
Power County Wind Park North LLC,22500.0,0.018107795999308618
Power County Wind Park South LLC,22500.0,0.018107795999308618
Idaho Winds LLC,22400.0,0.01802731690597836
Iowa Lakes Electric Coop,21000.0,0.016900609599354712
"Hot Springs Windfarm, LLC",21000.0,0.016900609599354712
Bennett Creek Windfarm LLC,21000.0,0.016900609599354712
Apollo Energy Corp,21000.0,0.016900609599354712
"Grant County Wind, LLC",20000.0,0.016095818666052107
CPV Spruce Mountain Wind LLC,20000.0,0.016095818666052107
Echo 2,20000.0,0.016095818666052107
"Aspenall Energies (Delaware), LLC",20000.0,0.016095818666052107
Edom Hills Project 1 LLC,20000.0,0.016095818666052107
Pleasant Hill Wind Energy LLC,19800.0,0.015934860479391588
Massachusetts Mun Wholes Electric Co,19600.0,0.015773902292731064
"Spanish Fork Wind Park 2, LLC",18900.0,0.01521054863941924
"Cassia Gulch Wind Park, LLC",18900.0,0.01521054863941924
"Buffalo Bear, LLC",18900.0,0.01521054863941924
"Marshall Wind Farm, LLC",18900.0,0.01521054863941924
Fire Island Wind LLC,17600.0,0.014164320426125854
Westridge Windfarm LLC,17100.0,0.013761924959474552
International Turbine Res Inc,17010.0,0.013689493775477318
CalWind Resources Inc,16630.0,0.013383673220822328
Chevron USA,16500.0,0.01327905039949299
Jericho Power LLC,14250.0,0.011468270799562126
"Foundation HA Energy Generation, LLC",13900.0,0.011186593972906214
"South Fork Wind, LLC",13800.0,0.011106114879575954
"Greensburg Wind Farm, LLC",12500.0,0.010059886666282566
"Lakota Ridge, LLC (Longroad)",12250.0,0.009858688932956916
"Shaokatan Hills, LLC (Longroad)",11880.0,0.009560916287634951
Madison Windpower LLC,11550.0,0.009295335279645092
Pantex (NNSA),11500.0,0.009255095732979961
Consolidated Edison Solutions Inc.,11400.0,0.0091746166396497
Musselshell Wind Project Two LLC,10500.0,0.008450304799677356
"Cassia Wind Farm, LLC",10500.0,0.008450304799677356
Musselshell Wind Project LLC,10500.0,0.008450304799677356
Durbin Creek,10000.0,0.008047909333026054
Ralls Wind Farm LLC,10000.0,0.008047909333026054
Eastridge Wind Project,10000.0,0.008047909333026054
Brookfield Renewable Trading and Marketing LP,10000.0,0.008047909333026054
Benson Creek,10000.0,0.008047909333026054
Jett Creek,10000.0,0.008047909333026054
Everpoint Services Inc,10000.0,0.008047909333026054
Prospector,10000.0,0.008047909333026054
Willow Spring,10000.0,0.008047909333026054
Odessa Energy Services LLC,9900.0,0.007967430239695794
"Threemile Canyon Wind I, LLC",9900.0,0.007967430239695794
Galactic Wind,9900.0,0.007967430239695794
"Cycle Holdings, LLC",9000.0,0.007243118399723448
Gordon Butte Wind LLC,9000.0,0.007243118399723448
Kodiak Electric Assn Inc,9000.0,0.007243118399723448
"Pisgah Mountain, LLC",9000.0,0.007243118399723448
PaTu Wind Farm LLC,9000.0,0.007243118399723448
Foundation CA Fund VI Manager LLC,8700.0,0.0070016811197326665
Southern Minnesota Mun P Agny,8500.0,0.006840722933072146
"Agriwind Holdings, LLC",8400.0,0.006760243839741885
"Greenback Energy, LLC (Longroad)",8250.0,0.006639525199746495
"Huerfano River Wind, LLC",8000.0,0.0064383274664208436
City of Lamar - (CO),7500.0,0.006035931999769539
"American Mun Power-Ohio, Inc",7200.0,0.005794494719778758
"Creston Ridge II, LLC",6900.0,0.005553057439787977
"Perennial Wind, LLC",6900.0,0.005553057439787977
"Creston Ridge, LLC",6800.0,0.005472578346457716
"Foundation CA Fund V Manager, LLC",6200.0,0.004989703786476153
RENEW Energy Inc,6000.0,0.004828745599815632
Brewster,5700.0,0.00458730831982485
Wind Colebrook South,5700.0,0.00458730831982485
Wind Wall 1 LLC,5580.0,0.004490733407828538
City of Worthington - (MN),5500.0,0.004426350133164329
GL Wind LLC,5000.0,0.004023954666513027
Loess Hills Wind Farm LLC,5000.0,0.004023954666513027
"Rock County Wind Fuel, LLC",5000.0,0.004023954666513027
Cashton Greens Wind Farm LLC,5000.0,0.004023954666513027
CPV Beaver Ridge Wind LLC,4500.0,0.003621559199861724
Air Force Civil Engineer Center,4500.0,0.003621559199861724
Narragansett Bay Commission,4500.0,0.003621559199861724
OEE XXX LLC,4500.0,0.003621559199861724
"WED Coventry Two, LLC",4500.0,0.003621559199861724
OEE XXVI LLC,4500.0,0.003621559199861724
OEE XXIII LLC,4500.0,0.003621559199861724
OEE XXVIII LLC,4500.0,0.003621559199861724
"OEE XIX, LLC",4500.0,0.003621559199861724
Cooper Hatchery Inc.,4500.0,0.003621559199861724
Haviland Plastic Products Co,4500.0,0.003621559199861724
Fox Island Wind LLC,4500.0,0.003621559199861724
Gamesa Wind US LLC,4250.0,0.003420361466536073
Willmar Municipal Utilities,4000.0,0.0032191637332104218
Fort Hays State University,4000.0,0.0032191637332104218
"Community Renewables, LLC",3800.0,0.0030582055465499
"Foundation CA Fund VIII Manager, LLC",3700.0,0.0029777264532196398
West Texas A&M University,3570.0,0.002873103631890301
US Air Force,3360.0,0.002704097535896754
Henkel U.S. Operations Corporation,3300.0,0.0026558100798985975
Dept of Corrections NCCI Wind,3300.0,0.0026558100798985975
Carleton College,3250.0,0.002615570533233467
"S.C. Johnson & Son, Inc.",3000.0,0.002414372799907816
City of Geneseo - (IL),3000.0,0.002414372799907816
"WED Plainfield III, LLC",3000.0,0.002414372799907816
OEE XXV LLC,3000.0,0.002414372799907816
"WED Shun I, LLC",3000.0,0.002414372799907816
"WED Shun III, LLC",3000.0,0.002414372799907816
Findlay Wind Farm,3000.0,0.002414372799907816
"WED Shun II, LLC",3000.0,0.002414372799907816
Fairhaven Wind LLC,3000.0,0.002414372799907816
Aeolus Wind LLC,3000.0,0.002414372799907816
Bluestem LLC,3000.0,0.002414372799907816
"WED Plainfield II, LLC",3000.0,0.002414372799907816
"WED Plainfield, LLC",3000.0,0.002414372799907816
Town of Princeton - (MA),3000.0,0.002414372799907816
Lime Wind LLC,3000.0,0.002414372799907816
"WED Green Hill, LLC",3000.0,0.002414372799907816
Kotzebue Electric Assn Inc,2735.0,0.0022011032025826254
Waverly Municipal Elec Utility,2700.0,0.0021729355199170343
Nome Joint Utility Systems,2550.0,0.0020522168799216437
Kirkwood Community College,2500.0,0.0020119773332565134
Lincoln Electric Company,2500.0,0.0020119773332565134
Regents of the University of Minnesota,2500.0,0.0020119773332565134
FPC Services Inc.,2500.0,0.0020119773332565134
Hull Municipal Light Plant,2460.0,0.001979785695924409
Adams Electric Cooperative,2400.0,0.0019314982399262527
City of Algona - (IA),2250.0,0.001810779599930862
First State Marine Wind,2000.0,0.0016095818666052109
"631-56 Airport Owner, LLC",2000.0,0.0016095818666052109
"Hilltop Power, LLC",2000.0,0.0016095818666052109
Tennessee Valley Authority,1980.0,0.0015934860479391584
Wind Stream Operations LLC,1890.0,0.0015210548639419243
"Wind GEM, LLC",1850.0,0.0014888632266098199
Alaska Environmental Power,1800.0,0.0014486236799446895
"CS Wind America, Inc.",1800.0,0.0014486236799446895
"August Wind Energy, LLC",1790.0,0.0014405757706116636
"Green Energy Machine, LLC",1790.0,0.0014405757706116636
"Roseman Energy, LLC",1790.0,0.0014405757706116636
Birch Power LLC,1790.0,0.0014405757706116636
"Foundation CA Fund IX Manager, LLC",1700.0,0.001368144586614429
"CCC Hastings Renewable Energy, LLC",1700.0,0.001368144586614429
Seward Wind LLC,1700.0,0.001368144586614429
"Sky Volt, LLC",1680.0,0.001352048767948377
Heartland Community College,1650.0,0.0013279050399492987
University of Minnesota WCROC,1650.0,0.0013279050399492987
University of Minnesota Morris Campus,1650.0,0.0013279050399492987
Illinois Rural Electric Coop,1650.0,0.0013279050399492987
Iowa Lakes Community College,1650.0,0.0013279050399492987
Notus Clean Energy LLC,1650.0,0.0013279050399492987
"Forward Fontanelle Power, LLC",1600.0,0.0012876654932841684
"Meadow Ridge Wind Energy, LLC",1600.0,0.0012876654932841684
"Greenfield Wind Power, LLC",1600.0,0.0012876654932841684
Luther College Wind Energy Project LLC,1600.0,0.0012876654932841684
"Cumberland Rose Wind Energy, LLC",1600.0,0.0012876654932841684
Town of Ipswich - (MA),1600.0,0.0012876654932841684
"Wiota Wind Energy, LLC #1",1600.0,0.0012876654932841684
"Wolverine Wind Energy, LLC",1500.0,0.001207186399953908
New London Municipal Utilities,1500.0,0.001207186399953908
"WED Coventry Three, LLC",1500.0,0.001207186399953908
OEE XXIV LLC,1500.0,0.001207186399953908
"OEE XVII, LLC",1500.0,0.001207186399953908
Scituate Wind LLC,1500.0,0.001207186399953908
City of Osage - (IA),1500.0,0.001207186399953908
City of Moorhead - (MN),1500.0,0.001207186399953908
Mesalands Community College,1500.0,0.001207186399953908
Hawkeye Power Partners LLC,1500.0,0.001207186399953908
"WED Coventry Four, LLC",1500.0,0.001207186399953908
"WED Coventry One, LLC",1500.0,0.001207186399953908
Buffalo Center Wind LLC,1500.0,0.001207186399953908
"Bulldog Wind Energy, LLC",1500.0,0.001207186399953908
Hamilton Wind Energy LLC,1500.0,0.001207186399953908
City of Traer - (IA),1500.0,0.001207186399953908
MWRA Charlestown,1500.0,0.001207186399953908
Camelot Wind LLC,1500.0,0.001207186399953908
Kas Brothers Windfarm LLC,1500.0,0.001207186399953908
Lincoln Electric System,1320.0,0.0010623240319594391
City of Mountain Lake - (MN),1200.0,0.0009657491199631264
Massachusetts Wtr Rauth-Deer I,1200.0,0.0009657491199631264
Case Western Reserve University,1100.0,0.0008852700266328659
Harbec Energy,1100.0,0.0008852700266328659
Shane's Wind Machine LLC,750.0,0.000603593199976954
GE Wind Energy LLC,0.0,0.0
