operator_name,total_cap_mw,num_states,sector_name,avg_capacity_factor_2024,capacity_factor_trend,market_share_pct
Avangrid Power LLC,7363.34,23,NAICS-22 Non-Cogen,0.26420744274379093,,5.925949270824406
MidAmerican Energy Co,6747.379,1,Electric Utility,0.42531949621736553,0.06920558846283459,5.4302294427564
"Big Sky Wind, LLC",5053.62,7,NAICS-22 Non-Cogen,0.3077750119663218,,4.067107556356713
Invenergy Services LLC,3546.78,13,NAICS-22 Non-Cogen,0.3048532266685544,-0.03453389954605157,2.8544163864190146
"EDF Renewable Asset Holdings, Inc.",3275.605,9,NAICS-22 Non-Cogen,0.3156018422101665,-0.05300130074508669,2.6361772050806804
Duke Energy Renewables Services,2968.53,7,NAICS-22 Non-Cogen,0.238499641765591,,2.389046029236783
Pattern Operators LP,2518.13,8,NAICS-22 Non-Cogen,0.3361597066408229,-0.0008445786611625539,2.0265681928772894
Southern Power Co,2347.165,7,NAICS-22 Non-Cogen,0.4032477077973984,0.019758018368392027,1.8889771109652096
Engie North America,1957.415,4,NAICS-22 Non-Cogen,0.3849268851893151,0.12370886587175273,1.5753098447105194
Northern States Power Co - Minnesota,1915.2,4,Electric Utility,0.4607586770700474,0.11938788182871718,1.5413355954611498
AE Power Services LLC,1654.95,6,NAICS-22 Non-Cogen,0.3280543536629295,-0.029125890590340986,1.3318887550691467
"Leeward Asset Management, LLC",1610.765,7,NAICS-22 Non-Cogen,0.37163154284481187,0.04209780974811511,1.2963290676811712
PacifiCorp,1596.72,3,Electric Utility,0.30024338250371435,-0.08311015870561261,1.285025779022936
"BHE Renewables, LLC",1412.4,4,NAICS-22 Non-Cogen,0.43732063347500505,-0.0033126201679822276,1.1366867141965997
"Enel Green Power NA, Inc.",1332.28,4,NAICS-22 Non-Cogen,0.39473657680989516,-0.05084349619924011,1.072206864620395
Interstate Power and Light Co,1290.25,1,Electric Utility,0.37226071091829843,0.048467040469034495,1.0383815016936866
DTE Electric Company,1233.02,1,Electric Utility,0.3327545051350448,-0.006631219318270376,0.9923233165807784
Algonquin Power Co,1201.5,4,NAICS-22 Non-Cogen,0.34097993566187595,-0.028100223573263083,0.9669563063630803
Public Service Co of Colorado,1094.4,1,Electric Utility,0.42892048483312356,0.16821788660740628,0.8807631974063713
AES Distributed Energy,1093.1,6,NAICS-22 Non-Cogen,0.32028700157992346,0.02961621721079427,0.8797169691930778
Onward Energy,1042.1,4,NAICS-22 Non-Cogen,0.35160651873281484,-0.017937393233746157,0.838672631594645
Southwestern Public Service Co,998.6,2,Electric Utility,0.4949869480160305,0.4949869480160305,0.8036642259959818
ALLETE Clean Energy,929.69,7,NAICS-22 Non-Cogen,0.25621338876425576,,0.7482060827820992
Boralex US Operations LLC,893.55,2,NAICS-22 Non-Cogen,0.45852460022262476,,0.719120938452543
Caithness Shepherds Flat LLC,845.0,1,NAICS-22 Non-Cogen,0.24938107122569417,0.00032152939987889484,0.6800483386407016
SunEdison LLC,840.28,3,NAICS-22 Non-Cogen,0.3599726490567825,-0.013582268531000807,0.6762497254355132
Portland General Electric Co,816.96,2,Electric Utility,0.31289989440247323,0.07561392015285864,0.6574820008708965
Puget Sound Energy Inc,771.9,1,Electric Utility,0.2833281213574311,-0.03059161849263886,0.6212181214162811
FPL Energy Horse Hollow LLC,735.5,1,NAICS-22 Non-Cogen,0.3804691243828777,-0.008572845504897952,0.5919237314440663
"Evergreen Wind, LLC",697.2,5,NAICS-22 Non-Cogen,0.2791333622734237,-0.019457419072348825,0.5611002386985764
Terra-Gen Operating Co-Wind,671.216,3,NAICS-22 Non-Cogen,inf,,0.5401885510876415
Capricorn Ridge Wind LLC,662.5,1,NAICS-22 Non-Cogen,0.34114066742275834,-0.047114307316905524,0.533173993312976
Consumers Energy Co - (MI),642.08,1,Electric Utility,0.2978602900935583,,0.5167401624549368
"Evergy Kansas Central, Inc",625.7,2,Electric Utility,0.2932386414143386,-0.0456878484653076,0.5035576869674402
"Valcour Operating Services, LLC",612.0,1,NAICS-22 Non-Cogen,0.18785168717671877,-0.034251259000785045,0.4925320511811945
Limon,600.6,1,NAICS-22 Non-Cogen,0.3531455337993306,-0.05131186018447392,0.48335743454154473
Empire District Electric Co,599.8,2,Electric Utility,0.43781842201843846,0.4377010734499081,0.4827136017949027
Acciona Wind Energy USA LLC,546.72,4,NAICS-22 Non-Cogen,0.18750763950432298,-0.11340897047012999,0.43999529905520035
"Aviator Wind, LLC",525.02,1,NAICS-22 Non-Cogen,0.38716779043338034,,0.4225313358025338
"ALLETE, Inc.",521.6,2,Electric Utility,0.25456744525635366,-0.09884506317604763,0.419778950810639
"High Lonesome Wind Power, LLC",500.535,1,NAICS-22 Non-Cogen,0.2692271819244483,0.1643280396715041,0.4028260298006196
Oklahoma Gas & Electric Co,448.7,1,Electric Utility,0.15803439132726077,-0.16220238518290314,0.36110969177287905
"Acciona Energy USA Global, LLC",436.05,2,NAICS-22 Non-Cogen,0.21649808521687358,-0.013640396661990545,0.35092908646660104
Wisconsin Power & Light Co,421.15,3,Electric Utility,0.29642592667511775,0.058332647314763814,0.33893770156039227
Mesquite Star Special LLC,418.9,1,NAICS-22 Non-Cogen,0.3224913914967686,,0.33712692196046135
"Jordan Creek Wind Farm, LLC",401.92,1,NAICS-22 Non-Cogen,0.35712658247697027,0.32620289640690076,0.32346157191298314
Mesquite Wind LLC,400.0,1,NAICS-22 Non-Cogen,0.22871186247723135,-0.059554587887067356,0.3219163733210421
Union Electric Co - (MO),400.0,1,Electric Utility,0.18462004781420766,0.16751992258652096,0.3219163733210421
Headwaters Wind Farm LLC,382.4,1,NAICS-22 Non-Cogen,0.18391655425231118,-0.009679959664204985,0.3077520528949163
Stephens Ranch Wind Energy LLC,375.9,1,NAICS-22 Non-Cogen,0.35228505624146256,-0.05919339426299769,0.3025209118284493
Otter Tail Power Co,350.4,1,Electric Utility,0.2981056430231825,0.007398303998448208,0.2819987430292329
Mohave County Wind Farm,349.6,1,NAICS-22 Non-Cogen,0.31676782312755036,0.28053105448641796,0.2813549102825908
"Foard City Wind, LLC",345.24,1,NAICS-22 Non-Cogen,0.37953125821080824,-0.049888409509585396,0.27784602181339146
"Sage Draw Wind, LLC",338.4,1,NAICS-22 Non-Cogen,0.3995810806882921,0.07480557816274597,0.27234125182960167
Wisconsin Electric Power Co,337.2,1,Electric Utility,0.2470247090600212,0.0010955495384254998,0.2713755027096385
"Flat Rock Windpower, LLC",321.75,1,NAICS-22 Non-Cogen,0.22522903123996021,-0.03703456025860394,0.25894148279011325
"Rattlesnake Creek Wind Project, LLC",318.15,1,NAICS-22 Non-Cogen,0.3372303792960613,-0.09402999238253257,0.2560442354302239
Consolidated Edison Development Inc.,308.65,5,NAICS-22 Non-Cogen,0.3774271440187895,-0.0777538975374184,0.24839872156384915
Exus Pennsylvania Wind Holdings,306.9,1,NAICS-22 Non-Cogen,0.2617331100784087,,0.24699033743056956
TC Energy,303.75,1,NAICS-22 Non-Cogen,0.426198262026077,,0.24445524599066634
Greenbacker Renewable Energy Corporation,301.75,8,NAICS-22 Non-Cogen,0.32589877500345965,0.006152952726751648,0.24284566412406117
Soldier Creek Wind LLC,300.96,1,NAICS-22 Non-Cogen,0.40610559264391594,0.35798468579961246,0.24220987928675208
"FPLE Wind, LLC",300.8,1,NAICS-22 Non-Cogen,0.3475938549927548,-0.03465732432255142,0.24208111273742366
"Pioneer Prairie Wind Farm I, LLC",300.3,1,NAICS-22 Non-Cogen,0.32718912841863657,0.010049149393411672,0.24167871727077236
Chisholm View Wind Project,300.0,1,NAICS-22 Non-Cogen,0.37103028233151186,-0.0023982999392835325,0.2414372799907816
"Milligan 1 Wind, LLC",300.0,1,NAICS-22 Non-Cogen,0.39996964177292044,0.3846450781724347,0.2414372799907816
"Tahoka Wind, LLC",300.0,1,NAICS-22 Non-Cogen,0.43223284760170005,-0.04372078020643594,0.2414372799907816
"TX Jumbo Road Wind, LLC",299.7,1,NAICS-22 Non-Cogen,0.37022830359199516,-0.014588814679889373,0.2411958427107908
Balko Wind LLC,299.7,1,NAICS-22 Non-Cogen,0.3598156444240233,-0.07327265030665153,0.2411958427107908
FPL Energy Vansycle LLC,299.64,2,NAICS-22 Non-Cogen,0.2381494527190801,-0.04233887700100297,0.24114755525479267
"Bronco Plains Wind, LLC",299.36,1,NAICS-22 Non-Cogen,0.4160214681423588,0.1656691530882154,0.24092221379346793
"Enel Green Power Diamond Vista Wind Project, LLC",299.25,1,NAICS-22 Non-Cogen,0.37348265928938923,-0.0660941972417382,0.24083368679080464
"Red Dirt Wind Project, LLC",299.25,1,NAICS-22 Non-Cogen,0.290366931293017,-0.08393631315690564,0.24083368679080464
NextEra Energy Seiling Wind,299.2,1,NAICS-22 Non-Cogen,0.393510578170056,-0.053660511118397036,0.2407934472441395
"Aurora Wind Project, LLC",298.8,1,NAICS-22 Non-Cogen,0.3783550260544302,0.3682893382881861,0.2404715308708185
Canadian Hills Wind LLC,298.45,1,NAICS-22 Non-Cogen,0.11592377252111014,-0.22900193806433422,0.24018985404416254
"Thunder Ranch Wind Project, LLC",297.8,1,NAICS-22 Non-Cogen,0.39229012148591796,-0.037390545237020456,0.23966673993751586
"Torrecillas Wind Energy, LLC",297.5,1,NAICS-22 Non-Cogen,0.361674779201298,-0.07507653334557868,0.2394253026575251
Ranchero Wind Farm LLC,297.5,1,NAICS-22 Non-Cogen,0.4468384074941452,-0.04563185930109748,0.2394253026575251
Kingfisher Wind LLC,296.0,1,NAICS-22 Non-Cogen,0.3145961022497908,-0.09571956690296851,0.23821811625757117
Basin Electric Power Coop,284.6,2,Electric Utility,0.28798196180909025,0.07768669567112141,0.22904349961792148
Orion Energy Group LLC,280.5,2,NAICS-22 Non-Cogen,0.3102172750525163,0.01767711146703521,0.22574385679138081
Public Service Co of Oklahoma,278.135,1,Electric Utility,0.49236921404247963,,0.22384052623412015
FPL Energy Upton Wind LP,276.9,1,NAICS-22 Non-Cogen,0.22518412281169153,-0.02184937188400593,0.2228466094314914
Clearway Energy Operating LLC,264.0,1,NAICS-22 Non-Cogen,0.22635853066180936,,0.21246480639188783
Shell Wind Energy Inc.,262.42,2,NAICS-22 Non-Cogen,0.32510183792486225,0.04545657636335204,0.21119323671726972
Windy Flats Partners LLC,262.2,1,NAICS-22 Non-Cogen,0.29158139269929795,-0.04313065222254181,0.2110161827119431
"Dermott Wind, LLC",253.0,1,NAICS-22 Non-Cogen,0.4072604159917061,-0.013478512854849245,0.20361210612555913
"Las Majadas Wind Farm, LLC",251.6,1,NAICS-22 Non-Cogen,0.3772445601339044,,0.2024853988189355
Skeleton Creek Energy Center,250.9,1,NAICS-22 Non-Cogen,0.4408201512805267,0.41631456447136395,0.20192204516562368
"Nobles 2 Power Partners, LLC",250.4,1,NAICS-22 Non-Cogen,0.44500429549514947,0.40777833790161605,0.20151964969897235
Cedar Point LLC,250.2,1,NAICS-22 Non-Cogen,0.30508698687680097,-0.018052042882997776,0.20135869151231187
Amadeus Wind LLC,250.12,1,NAICS-22 Non-Cogen,0.3428063090736483,0.31149893224294234,0.20129430823764763
"Willow Springs Windfarm, LLC",250.0,1,NAICS-22 Non-Cogen,0.40133879781420767,-0.033142531876138415,0.20119773332565133
Hidalgo Wind Farm LLC,250.0,1,NAICS-22 Non-Cogen,0.3200910746812386,0.007835610200364274,0.20119773332565133
Palo Duro Wind,249.9,1,NAICS-22 Non-Cogen,0.46294565184908204,-0.05590760894521746,0.2011172542323211
Buffalo Dunes Wind Project LLC,249.75,1,NAICS-22 Non-Cogen,0.3951761415331543,-0.04869760470853368,0.2009965355923257
"Javelina Wind Energy, LLC",249.69,1,NAICS-22 Non-Cogen,0.38278202676236567,-0.048532402401199715,0.2009482481363275
Chapman Ranch Wind LLC,249.075,1,NAICS-22 Non-Cogen,0.23673749521681955,-0.07610581738955083,0.20045330171234643
Rush Springs Wind Project,246.925,1,NAICS-22 Non-Cogen,0.42865773605511726,-0.01103232786959013,0.19872300120574582
"Golden West Power Partners, LLC",246.5,1,NAICS-22 Non-Cogen,0.3956308168641491,0.009328227239642772,0.19838096505909222
Tucson Electric Power Co,244.98,1,Electric Utility,0.32975769108544756,,0.19715768284047225
"Pratt Wind, LLC",243.8,1,NAICS-22 Non-Cogen,0.43702865677172753,-0.05158252531637053,0.1962080295391752
"El Campo Wind, LLC (Longroad)",242.8,1,NAICS-22 Non-Cogen,0.36000193552452714,,0.19540323860587258
"Clear Creek Wind, LLC",242.0,1,NAICS-22 Non-Cogen,0.2666300674404251,0.027167633864727758,0.19475940585923052
Big Sky Wind LLC,239.4,1,NAICS-22 Non-Cogen,0.3475641327057778,,0.19266694943264373
"Rio Bravo Windpower, LLC",237.6,1,NAICS-22 Non-Cogen,0.1909669516966876,-0.08346308408922254,0.191218325752699
"White Cloud Wind Project, LLC",236.5,1,NAICS-22 Non-Cogen,0.4155985127677846,0.3858822691266458,0.19033305572606615
"Plum Creek Wind, LLC",231.24,1,NAICS-22 Non-Cogen,0.4114646497586938,0.171143618990544,0.18609985541689447
"Electra Wind, LLC",230.0,1,NAICS-22 Non-Cogen,0.4101855151659143,-0.05660142947651858,0.18510191465959921
"Horse Creek Wind, LLC",230.0,1,NAICS-22 Non-Cogen,0.4018650510810169,-0.03171032311712996,0.18510191465959921
Wisconsin Public Service Corp,228.0,2,Electric Utility,0.23816911650499145,0.04653433239498814,0.183492332792994
"Roundhouse Renewable Energy, LLC",226.56,1,NAICS-22 Non-Cogen,0.4250508556582075,0.16710089543906226,0.18233343384903827
FPL Energy Illinois Wind LLC,217.5,1,NAICS-22 Non-Cogen,0.3253637753072462,-0.026829868308104576,0.17504202799331667
"Emmons-Logan Wind, LLC",216.44,1,NAICS-22 Non-Cogen,0.4666704284835687,0.004086347247174771,0.1741889496040159
"Armadillo Flats Wind Project, LLC",216.405,1,NAICS-22 Non-Cogen,0.48081186236307494,-0.028808962181270714,0.17416078192135032
"Marble River, LLC",215.25,1,NAICS-22 Non-Cogen,0.20431086824529449,-0.05379012416197543,0.1732312483933858
NRG Energy Gas & Wind Holdings Inc,214.5,2,NAICS-22 Non-Cogen,0.13361332623770011,-0.1851810892904805,0.17262765519340884
FPL Peetz Table Wind Energy,212.8,1,NAICS-22 Non-Cogen,0.3674010632797841,0.00750146370023419,0.17125951060679442
"Crocker Wind Farm, LLC",209.44,1,NAICS-22 Non-Cogen,0.43732664762377876,-0.0022704530147876767,0.16855541307089766
Reloj del Sol Wind Farm LLC,209.4,1,NAICS-22 Non-Cogen,0.16761286040608694,,0.16852322143356557
Ninnescah Wind Energy LLC,208.265,1,NAICS-22 Non-Cogen,0.4406549173265444,-0.029861160580889112,0.1676097837242671
"Kingman Wind Energy, LLC",206.55,1,NAICS-22 Non-Cogen,0.44321854087381424,-0.02473853784019625,0.16622956727365312
Lexington Chenoa Wind Farm LLC,205.2,1,NAICS-22 Non-Cogen,0.3913048977939689,0.0057115853030674235,0.1651430995136946
Montana-Dakota Utilities Co,205.0,2,Electric Utility,0.3444030657479254,-0.03518104249736309,0.1649821413270341
"Sequitur Renewables, LLC",204.96,3,NAICS-22 Non-Cogen,0.11495577952946223,,0.16494994968970197
White Creek Wind 1 LLC,204.7,1,NAICS-22 Non-Cogen,0.3135146907420607,-0.0461023862723271,0.1647407040470433
Shannon Wind LLC,204.085,1,NAICS-22 Non-Cogen,0.2636902870884051,-0.11794391002748822,0.1642457576230622
FPL Energy New Mexico Wind LLC,204.0,1,NAICS-22 Non-Cogen,0.30508902103646557,-0.014893947105253769,0.1641773503937315
"Ponderosa Wind, LLC",203.57,1,NAICS-22 Non-Cogen,0.5357572029617413,0.49515286919023666,0.1638312902924114
"Milford Wind Corridor Phase I, LLC (Longroad)",203.5,1,NAICS-22 Non-Cogen,0.2122711385006467,,0.1637749549270802
Sugar Creek Wind One LLC,202.0,1,NAICS-22 Non-Cogen,0.374536172879583,0.32707927555050587,0.1625677685271263
"Cloud County Windfarm, LLC",201.0,1,NAICS-22 Non-Cogen,0.18499374711143735,-0.09289504209372085,0.1617629775938237
Logan Wind Energy LLC,201.0,1,NAICS-22 Non-Cogen,0.2754318117971164,-0.04026429781873875,0.1617629775938237
Meadow Lake Wind Farm VI LLC,200.4,1,NAICS-22 Non-Cogen,0.37782301971648685,0.025772680504201062,0.1612801030338421
"Blue Summit III Wind, LLC",200.2,1,NAICS-22 Non-Cogen,0.41697601123830635,-0.044352846606944996,0.1611191448471816
"Crowned Ridge Wind, LLC",200.1,1,NAICS-22 Non-Cogen,0.4337329286176584,-0.026853604163310008,0.16103866575385134
Elk City LLC,200.06,1,NAICS-22 Non-Cogen,0.28136140214401983,-0.14639619953722444,0.16100647411651922
"Javelina Wind Energy II, LLC",200.0,1,NAICS-22 Non-Cogen,0.3920002276867031,-0.04840050091074677,0.16095818666052106
"Cimarron Bend Wind Project II, LLC",200.0,1,NAICS-22 Non-Cogen,0.4515089936247723,-0.06605589708561016,0.16095818666052106
Harvest Ridge Wind Farm,199.8,1,NAICS-22 Non-Cogen,0.4257336799458839,0.2681979566087034,0.16079722847386055
Caney River Wind Project,199.8,1,NAICS-22 Non-Cogen,0.3626349482451486,-0.0339205325544123,0.16079722847386055
Meadow Lake Wind Farm LLC,199.65,1,NAICS-22 Non-Cogen,0.25250358436918524,-0.0068340223806962475,0.16067650983386514
"Cedar Springs Wind, LLC",199.4,1,NAICS-22 Non-Cogen,0.4277112987413972,0.3441232166444689,0.1604753121005395
Prairie Queen Wind Farm LLC,199.275,1,NAICS-22 Non-Cogen,0.3452691324813834,-0.016238852177942853,0.1603747132338767
Turtle Creek Wind Farm LLC,199.2,1,NAICS-22 Non-Cogen,0.41984022154190537,0.043433067424525074,0.160314353913879
"Wheatridge Wind Holdings, LLC",199.08,1,NAICS-22 Non-Cogen,0.35275598810996883,0.29955932535565233,0.1602177790018827
Waverly Wind Farm LLC,199.0,1,NAICS-22 Non-Cogen,0.44091987716359576,0.03405746858152331,0.16015339572721848
Ridgeline Energy LLC,198.9,1,NAICS-22 Non-Cogen,0.3346846146628646,-0.02265038069521097,0.1600729166338882
Mammoth Plains Wind Project,198.9,1,NAICS-22 Non-Cogen,0.4120270778901444,-0.050623946276469545,0.1600729166338882
"Enel Kansas, LLC",198.84,1,NAICS-22 Non-Cogen,0.30857766026560607,0.2785434893969724,0.16002462917789007
FPL Energy Crystal Lake Wind II LLC,198.8,1,NAICS-22 Non-Cogen,0.4222402951406068,-0.008700884725474922,0.15999243754055795
"Cedar Bluff Wind, LLC",198.69,1,NAICS-22 Non-Cogen,0.4666534608608059,-0.02961565833623714,0.15990391053789466
Blackstone Wind Farm II LLC,198.0,1,NAICS-22 Non-Cogen,0.2914717530496219,0.015602288826332578,0.15934860479391585
"Bluestem Wind Energy, LLC",198.0,1,NAICS-22 Non-Cogen,0.4685056392706666,0.0017042004746922745,0.15934860479391585
Trinity Hills Wind Farm LLC,198.0,1,NAICS-22 Non-Cogen,0.43289106916156095,0.276861281301172,0.15934860479391585
High Trail Wind Farm LLC,198.0,1,NAICS-22 Non-Cogen,0.3153673575463193,0.013496186822689549,0.15934860479391585
Old Trail Wind Farm LLC,198.0,1,NAICS-22 Non-Cogen,0.32546261798310977,0.013812418354768041,0.15934860479391585
"Bearkat Wind Energy 1, LLC",196.65,1,NAICS-22 Non-Cogen,0.3945411693220274,-0.001324554224980623,0.15826213703395733
"Cimarron Bend Wind Project I, LLC",196.0,1,NAICS-22 Non-Cogen,0.4999163599866176,-0.02427186721683211,0.15773902292731065
"Green River Wind Farm Phase 1, LLC",194.25,1,NAICS-22 Non-Cogen,0.3195414383938974,0.01030890375152671,0.15633063879403108
Burke Wind LLC,193.24,1,NAICS-22 Non-Cogen,0.46913369993201914,0.45601850280840306,0.15551779995139545
Canadian Breaks LLC,193.2,1,NAICS-22 Non-Cogen,0.5102097216094009,,0.15548560831406336
NaturEner Rim Rock Energy LLC,189.0,1,NAICS-22 Non-Cogen,0.36172911787665885,-0.0632770260502501,0.1521054863941924
Los Angeles Department of Water & Power,185.0,2,Electric Utility,0.1585456301018687,-0.07098251028806588,0.14888632266098198
"Hilltopper Wind Project, LLC",185.0,1,NAICS-22 Non-Cogen,0.32742086348643723,-0.006055235563432293,0.14888632266098198
Idaho Wind Partners 1 LLC,183.0,1,NAICS-22 Non-Cogen,0.3462345962915179,-0.0032562067056602917,0.14727674079437678
"Lockett Windfarm, LLC",181.3,1,NAICS-22 Non-Cogen,0.45417092401869913,-0.01182890819893162,0.14590859620776234
Wildcat Creek Wind Farm LLC,180.075,1,NAICS-22 Non-Cogen,0.3441663271754559,,0.14492272731446665
Bull Creek Wind LLC,180.0,1,NAICS-22 Non-Cogen,0.1677469135802469,-0.026875885448289838,0.14486236799446894
Scout Clean Energy LLC,179.88,1,NAICS-22 Non-Cogen,0.37706971111686277,0.12437012754505838,0.14476579308247264
CP Bloom Wind LLC,178.2,1,NAICS-22 Non-Cogen,0.4276772736472191,,0.14341374431452428
Northern Colorado Wind LLC,175.7,1,NAICS-22 Non-Cogen,0.36124432791861444,0.059135044521368085,0.14140176698126777
FPL Energy Langdon Wind LLC,170.16,1,NAICS-22 Non-Cogen,0.4594041297224988,-0.0315571672559275,0.13694322521077132
"Alta Wind V, LLC",168.0,1,NAICS-22 Non-Cogen,0.1954331197415214,,0.1352048767948377
"Pinyon Pines Wind I, LLC",168.0,1,NAICS-22 Non-Cogen,0.20776343893659469,0.020498579668661643,0.1352048767948377
Hackberry Wind LLC,165.6,1,NAICS-22 Non-Cogen,0.22389192471159686,-0.06359209872143468,0.13327337855491145
Cimarron Wind Energy LLC,165.6,1,NAICS-22 Non-Cogen,0.32034322945539984,-0.1490571075649182,0.13327337855491145
Cameron Wind 1 LLC,165.0,1,NAICS-22 Non-Cogen,0.23386736214605067,-0.09493845559419331,0.13279050399492986
NextEra Energy Majestic Wind,164.4,1,NAICS-22 Non-Cogen,0.3576015702999481,-0.0798660473003312,0.1323076294349483
Astra Wind LLC,163.2,1,NAICS-22 Non-Cogen,0.40725715092503306,0.10056441747919564,0.1313418803149852
North Sky River Energy LLC,162.0,1,NAICS-22 Non-Cogen,0.30572210416245027,0.004654225415457958,0.13037613119502206
"FPLE High Winds, LLC",162.0,1,NAICS-22 Non-Cogen,0.16394637275405338,-0.05600460433110707,0.13037613119502206
"Wildorado Wind, LLC",160.7,1,NAICS-22 Non-Cogen,0.49026387854593356,,0.12932990298172867
"Sholes Wind Energy Center, LLC",160.02,1,NAICS-22 Non-Cogen,0.5062543127008942,0.0033124274766200834,0.1287826451470829
"Rattlesnake Power, LLC",160.0,1,NAICS-22 Non-Cogen,0.3896978882058288,-0.030793473929872472,0.12876654932841686
Langford Wind Power LLC,160.0,1,NAICS-22 Non-Cogen,0.4076602345173042,0.15386498178506375,0.12876654932841686
"Midway Wind, LLC",159.39,1,NAICS-22 Non-Cogen,0.2842748269215364,-0.06734035303766833,0.12827562685910227
Fluvanna Wind Energy LLC,158.0,1,NAICS-22 Non-Cogen,0.41695631873832745,-0.0330150226264565,0.12715696746181165
"FPL Energy Weatherford, LLC",156.8,1,NAICS-22 Non-Cogen,0.43740968040221545,0.13605950406118728,0.12619121834184852
Osborn Wind Energy LLC,155.95,1,NAICS-22 Non-Cogen,0.5103043745630956,0.004822373711624639,0.1255071460485413
Tatanka Ridge LLC,155.0,1,NAICS-22 Non-Cogen,0.4393552793936189,,0.12474259466190382
Smoky Hills Wind Project II LLC,153.5,1,NAICS-22 Non-Cogen,0.3072309440320868,0.046704698504239306,0.12353540826194993
CPV Keenan II Renewable Energy Co LLC,151.8,1,NAICS-22 Non-Cogen,0.19541233791946547,-0.24440322685155183,0.1221672636753355
Trent Wind Farm LLC,151.7,1,NAICS-22 Non-Cogen,0.3865008050833721,,0.12208678458200523
"Pegasus Wind, LLC",151.3,1,NAICS-22 Non-Cogen,0.2888603866671,0.162969805101386,0.12176486820868418
"Old Settler Wind, LLC",151.2,1,NAICS-22 Non-Cogen,0.4123448357282602,0.026010796445678053,0.12168438911535392
"Wildcat Ranch Wind Project, LLC",150.59,1,NAICS-22 Non-Cogen,0.5221606489882963,-0.01428881856440567,0.12119346664603933
FPL Energy Story Wind LLC,150.0,1,NAICS-22 Non-Cogen,0.43618169398907103,0.007634335154826921,0.1207186399953908
Loraine Windpower Project,150.0,1,NAICS-22 Non-Cogen,0.23360807528840316,-0.05631754705525199,0.1207186399953908
"Mustang Hills, LLC (Longroad)",150.0,1,NAICS-22 Non-Cogen,0.22880540376442016,,0.1207186399953908
"Green Pastures Wind II, LLC",150.0,1,NAICS-22 Non-Cogen,0.22091909532483303,-0.1439587128111718,0.1207186399953908
"Green Pastures Wind I, LLC",150.0,1,NAICS-22 Non-Cogen,0.21064663023679417,-0.16956663630843957,0.1207186399953908
Cardinal Point LLC,150.0,1,NAICS-22 Non-Cogen,0.40609365513054035,,0.1207186399953908
FPL Energy Crystal Lake Wind LLC,150.0,1,NAICS-22 Non-Cogen,0.43271630236794173,-0.005663327261687889,0.1207186399953908
"Foxtail Wind, LLC",150.0,1,Electric Utility,0.44541742562234365,-0.02094338190649664,0.1207186399953908
"Alta Wind III, LLC",150.0,1,NAICS-22 Non-Cogen,0.2756633272616879,,0.1207186399953908
"Cedro Hill Wind, LLC",150.0,1,NAICS-22 Non-Cogen,0.2614867941712204,,0.1207186399953908
White Oak Energy LLC,150.0,1,NAICS-22 Non-Cogen,0.28553658166363083,-0.01895795385549487,0.1207186399953908
"Alta Wind I, LLC",150.0,1,NAICS-22 Non-Cogen,0.32989678202792955,,0.1207186399953908
"Rattlesnake Flat, LLC",149.9,1,NAICS-22 Non-Cogen,0.3158853017980414,0.31346869376184,0.12063816090206055
"Briscoe Wind Farm, LLC",149.85,1,NAICS-22 Non-Cogen,0.34271369122613815,,0.1205979213553954
"Brady Wind, LLC",149.73,1,NAICS-22 Non-Cogen,0.4807507490410487,-0.04774228097521499,0.1205013464433991
Goat Wind LLC,149.6,1,NAICS-22 Non-Cogen,0.1693526392176344,,0.12039672362206975
Blue Canyon Windpower II LLC,149.4,1,NAICS-22 Non-Cogen,0.4138617310773147,0.07510003584465369,0.12023576543540924
"Rocksprings Val Verde Wind, LLC",149.34,1,NAICS-22 Non-Cogen,0.35117556105394393,-0.0312821466059649,0.1201874779794111
"Brady Wind II, LLC",149.03,1,NAICS-22 Non-Cogen,0.4829362848790118,-0.03803588646776784,0.11993799279008727
"Deerfield Wind Energy, LLC",149.0,1,NAICS-22 Non-Cogen,0.38573489321646437,-0.028248432170755844,0.1199138490620882
Rocky Ridge Wind Project LLC,148.8,1,NAICS-22 Non-Cogen,0.1985242902540298,-0.25176059355230423,0.11975289087542768
UPC Power Solutions,148.55,1,NAICS-22 Non-Cogen,0.05399138642370955,,0.11955169314210201
FPL Energy Ashtabula Wind LLC,148.5,1,NAICS-22 Non-Cogen,0.455422469994419,0.0007390235076938367,0.1195114535954369
Evergy Metro,148.5,1,Electric Utility,0.10244981693069125,-0.18214092963637593,0.1195114535954369
"Carousel Wind Farm, LLC",147.9,1,NAICS-22 Non-Cogen,0.47252380319001536,-0.03306922291559672,0.11902857903545531
Garden Wind LLC,147.0,1,NAICS-22 Non-Cogen,0.2759191108137244,-0.06081868084210007,0.118304267195483
"Alta Wind II, LLC",147.0,1,NAICS-22 Non-Cogen,0.2823640385115795,,0.118304267195483
"Bitter Ridge Wind Farm, LLC",146.64,1,NAICS-22 Non-Cogen,0.2860741197853162,0.19930349979181516,0.11801454245949404
TransAlta Wyoming Wind LLC,144.0,1,NAICS-22 Non-Cogen,0.25207052595628415,,0.11588989439557516
Desert Sky Wind Farm LP,142.7,1,NAICS-22 Non-Cogen,0.39627458601547316,-0.03403094496842707,0.11484366618228177
DTE Sustainable Generation,138.0,1,NAICS-22 Non-Cogen,0.2345840997954551,0.001862159063246438,0.11106114879575954
"Mountain Air Projects, LLC",138.0,1,NAICS-22 Non-Cogen,0.30046972756791,,0.11106114879575954
Turlock Irrigation District,136.6,1,Electric Utility,0.33310848021292544,-0.01889249587297015,0.10993444148913588
Blue Summit Wind LLC,135.4,1,NAICS-22 Non-Cogen,0.42724552227361146,0.05144222878713278,0.10896869236917275
"Cedar Springs Wind III, LLC",133.28,1,NAICS-22 Non-Cogen,0.4504978220796515,0.4110225032636005,0.10726253559057125
Nextera Energy Resources,132.7,1,NAICS-22 Non-Cogen,0.20363376548986706,,0.10679575684925573
"Helix Maine Wind Development, LLC",132.0,1,NAICS-22 Non-Cogen,0.2223653888612905,-0.024164113815753147,0.10623240319594392
Taloga Wind LLC,129.6,1,NAICS-22 Non-Cogen,0.1660830438057973,,0.10430090495601767
"Alta Wind X, LLC",128.25,1,NAICS-22 Non-Cogen,0.3364667994617185,,0.10321443719605913
"Minco Wind IV, LLC",126.45,1,NAICS-22 Non-Cogen,0.3496147782264889,-0.1464847477818328,0.10176581351611445
Paulding Wind Farm IV LLC,126.0,1,NAICS-22 Non-Cogen,0.34481434498511,0.07132376326365397,0.10140365759612827
Elbow Creek Wind Project LLC,121.9,1,NAICS-22 Non-Cogen,0.3518114447776627,0.07401872447630187,0.0981040147695876
Sherbino II Wind Farm LLC,120.5,1,NAICS-22 Non-Cogen,0.5391054274463566,0.4810046935582613,0.09697730746296394
Ashtabula Wind II LLC,120.0,1,NAICS-22 Non-Cogen,0.3112733378870674,-0.05743966302367942,0.09657491199631263
Tuscola Bay Wind LLC,120.0,1,NAICS-22 Non-Cogen,0.33825326350941104,-0.013333902550091092,0.09657491199631263
NextEra Wolf Ridge LLC,120.0,1,NAICS-22 Non-Cogen,0.35533166363084395,0.09724878567091683,0.09657491199631263
"Bluff Point Wind, LLC",117.6,1,NAICS-22 Non-Cogen,0.3592687074829932,0.00026524726466176096,0.09464341375638638
Great Plains Windpark Legacy LLC,114.0,1,NAICS-22 Non-Cogen,0.10697480267152398,-0.15528832326718434,0.091746166396497
"FPL Energy Callahan Wind, LLC",114.0,1,NAICS-22 Non-Cogen,0.41374968043971494,-0.01712243952321607,0.091746166396497
Madison Gas & Electric Co,112.87,2,Electric Utility,0.25403942548275105,-0.016347245937535504,0.09083675264186507
Gray County Wind Energy LLC,112.2,1,NAICS-22 Non-Cogen,0.2679631009549042,0.053995434901895845,0.09029754271655233
Smoky Hills Wind Farm I LLC,112.0,1,NAICS-22 Non-Cogen,0.2548769678636482,-0.024744665625813123,0.0901365845298918
"Keechi Wind, LLC",110.0,1,NAICS-22 Non-Cogen,0.4086593392945852,-0.03749379036264283,0.08852700266328659
NaturEner Glacier Wind Energy 1 LLC,106.5,1,NAICS-22 Non-Cogen,0.24113090809581228,-0.07831995005857856,0.08571023439672747
Willow Creek Wind Power LLC,106.4,1,NAICS-22 Non-Cogen,0.3989096717202843,0.2721251985838914,0.08562975530339721
Day County Wind LLC,105.6,1,NAICS-22 Non-Cogen,0.4626158269857041,0.08580942622950821,0.08498592255675512
"Northwest Ohio Wind, LLC",105.0,1,NAICS-22 Non-Cogen,0.29048920114493887,-0.018991239483042766,0.08450304799677355
"Shooting Star Power Partners, LLC",104.0,1,NAICS-22 Non-Cogen,0.20490708631077484,-0.2760931151043856,0.08369825706347095
EDP Renewables North America LLC,104.0,1,NAICS-22 Non-Cogen,0.4597530912848536,,0.08369825706347095
Meadow Lake Wind Farm III LLC,103.5,1,NAICS-22 Non-Cogen,0.2962259004074162,0.01076177151254365,0.08329586159681965
NaturEner Glacier Wind Energy 2 LLC,103.5,1,NAICS-22 Non-Cogen,0.29477398519926434,-0.060594361289300736,0.08329586159681965
Arlington Wind Power Project LLC,102.7,1,NAICS-22 Non-Cogen,0.22286027707276929,-0.057960343937725145,0.08265202885017757
"New Creek Wind, LLC",102.5,1,NAICS-22 Non-Cogen,0.30208250033320005,-0.05730929850282107,0.08249107066351705
Red Mesa Wind LLC,102.4,1,NAICS-22 Non-Cogen,0.1802460439435337,-0.07578253963171674,0.08241059157018678
Baldwin Wind LLC,102.4,1,NAICS-22 Non-Cogen,0.42373740607923494,0.06021468365778687,0.08241059157018678
Sacramento Municipal Util Dist,102.18,1,Electric Utility,0.7129704500183789,0.09375642861752242,0.08223353756486022
FPL Energy Oklahoma Wind LLC,102.0,1,NAICS-22 Non-Cogen,0.1622602592949748,-0.15057569020322156,0.08208867519686575
Blackstone Wind Farm LLC,102.0,1,NAICS-22 Non-Cogen,0.2791238079931426,0.010097458837815654,0.08208867519686575
Milford Wind Corridor Stage II LLC,102.0,1,NAICS-22 Non-Cogen,0.19196667738133505,-0.025801144683738703,0.08208867519686575
Rosewater Wind Farm LLC,102.0,1,NAICS-22 Non-Cogen,0.351374156219865,0.32553952819743565,0.08208867519686575
"Alta Wind IV, LLC",102.0,1,NAICS-22 Non-Cogen,0.2158302528661738,,0.08208867519686575
"Coram California Development, L.P.",102.0,1,NAICS-22 Non-Cogen,0.3090143844423015,,0.08208867519686575
NRG Energy Inc,101.2,1,NAICS-22 Non-Cogen,0.2840369122443249,0.04048188585786591,0.08144484245022365
"Sagebrush Power Partners, LLC",100.8,1,NAICS-22 Non-Cogen,0.3136926446352676,-0.02472478821522539,0.08112292607690262
Paulding Wind Farm III LLC,100.8,1,NAICS-22 Non-Cogen,0.3379848732905427,0.00453905188365572,0.08112292607690262
High Prairie Wind Farm II LLC,100.65,1,NAICS-22 Non-Cogen,0.33728623690999393,0.009825704867360341,0.08100220743690723
Lost Lakes Wind Farm LLC,100.65,1,NAICS-22 Non-Cogen,0.2756174121398523,-0.08674716347384986,0.08100220743690723
Telocaset Wind Power Partners,100.65,1,NAICS-22 Non-Cogen,0.3199433644878417,-0.014213169950874904,0.08100220743690723
Tuscola Wind II LLC,100.3,1,NAICS-22 Non-Cogen,0.3328675176655825,-0.011489892798834833,0.08072053061025132
Meadowlark Wind I LLC,100.05,1,NAICS-22 Non-Cogen,0.432530774685517,,0.08051933287692567
"Buckthorn Wind Project, LLC",100.05,1,NAICS-22 Non-Cogen,0.4069891283866264,-0.05650976879501962,0.08051933287692567
"Apple Blossom Wind, LLC",100.05,1,NAICS-22 Non-Cogen,0.2891700779846871,-0.016910943435386128,0.08051933287692567
"FPL Energy Hancock County Wind, LLC",100.048,1,NAICS-22 Non-Cogen,0.3054226139030679,0.024122073499437957,0.08051772329505906
Arbuckle Mountain Wind Farm LLC,100.0,1,NAICS-22 Non-Cogen,0.405198087431694,-0.06459699453551909,0.08047909333026053
Meadow Lake Wind Farm V LLC,100.0,1,NAICS-22 Non-Cogen,0.38366917122040073,0.01139230418943532,0.08047909333026053
"Alta Wind XI, LLC",99.9,1,NAICS-22 Non-Cogen,0.30706024786170505,,0.08039861423693027
Rail Splitter Wind Farm LLC,99.55,1,NAICS-22 Non-Cogen,0.3179768887132351,0.013681786619020586,0.08011693741027436
"High Lonesome Mesa, LLC",99.4,1,NAICS-22 Non-Cogen,0.4028176344038731,,0.07999621877027897
Redbed Plains Wind Farm LLC,99.1,1,NAICS-22 Non-Cogen,0.4228711867646708,-0.06500214131187981,0.07975478149028818
Rising Tree Wind Farm LLC,99.0,1,NAICS-22 Non-Cogen,0.28629303048701954,0.022009714632665434,0.07967430239695793
Rising Tree Wind Farm III LLC,99.0,1,NAICS-22 Non-Cogen,0.3006119942595352,0.015342404003606147,0.07967430239695793
Blue Canyon Windpower V LLC,99.0,1,NAICS-22 Non-Cogen,0.3021483045390149,-0.10602840794097623,0.07967430239695793
Blue Canyon Windpower VI LLC,99.0,1,NAICS-22 Non-Cogen,0.187956523339037,-0.22660461629040862,0.07967430239695793
Meadow Lake Wind Farm II LLC,99.0,1,NAICS-22 Non-Cogen,0.272973358355872,-0.0049504608930838745,0.07967430239695793
Osceola Windpower LLC,99.0,1,NAICS-22 Non-Cogen,0.4637230685727953,-0.0024516568232415548,0.07967430239695793
Paulding Wind Farm II LLC,99.0,1,NAICS-22 Non-Cogen,0.34732801604386304,-0.013775045537340602,0.07967430239695793
NexteraEnergy,99.0,1,NAICS-22 Non-Cogen,0.21747299957682473,,0.07967430239695793
FPL Energy Stateline II Inc,98.9,1,NAICS-22 Non-Cogen,0.4112991080390672,0.05352939713902105,0.07959382330362766
Harvest Wind Project TIC,98.9,1,NAICS-22 Non-Cogen,0.30355771408996224,-0.03751075123259312,0.07959382330362766
NextEra Energy Resources Ensign Wind,98.9,1,NAICS-22 Non-Cogen,0.5343351087831354,0.02278708783872141,0.07959382330362766
Meadow Lake Wind Farm IV LLC,98.7,1,NAICS-22 Non-Cogen,0.2308470960371902,0.014225228517171312,0.07943286511696714
Hoopeston Wind LLC,98.0,1,NAICS-22 Non-Cogen,0.43126881900301106,0.056772982417010565,0.07886951146365533
Quilt Block Wind Farm LLC,98.0,1,NAICS-22 Non-Cogen,0.4587294617300472,0.015608155830638237,0.07886951146365533
Perrin Ranch Wind LLC,97.6,1,NAICS-22 Non-Cogen,0.2135939226313118,-0.033908055630206935,0.07854759509033428
NextEra Energy Resources Breckinridge,96.9,1,NAICS-22 Non-Cogen,0.4255297651607858,-0.046844953109227594,0.07798424143702246
Wheat Field Wind Power Project LLC,96.6,1,NAICS-22 Non-Cogen,0.23336708564791248,-0.0505942952931549,0.07774280415703168
Energy Northwest,95.9,1,Electric Utility,0.24841117891853798,-0.06899928013964152,0.07717945050371985
"Oliver Wind III, LLC",95.05,1,NAICS-22 Non-Cogen,0.49938724609519103,-0.04813998767784955,0.07649537821041263
Coyote Ridge LLC,94.4,1,NAICS-22 Non-Cogen,0.47420941580994713,-0.05428060649563149,0.07597226410376595
"Whitetail Wind Energy, LLC",91.2,1,NAICS-22 Non-Cogen,0.2126698662640207,-0.08700777729843731,0.0733969331171976
Colorado Highlands Wind LLC,91.0,1,NAICS-22 Non-Cogen,0.44409791028643486,-0.02901254028303213,0.07323597493053709
Big Level Wind LLC,90.0,1,NAICS-22 Non-Cogen,0.32055631451123257,-0.027676583687512635,0.07243118399723447
"Michigan Wind 2, LLC",90.0,1,NAICS-22 Non-Cogen,0.4131084294677191,-0.015246154624569908,0.07243118399723447
Cottonwood Wind Project,89.96,1,NAICS-22 Non-Cogen,0.5195906235598741,-0.027853403374582197,0.07239899235990237
"Black Hills Colorado Electric, LLC",89.66,1,Electric Utility,0.34328985960870473,-0.040291846833424794,0.0721575550799116
"Heartland Divide Wind Project, LLC",86.8,1,NAICS-22 Non-Cogen,0.5694318534746879,-0.02325394726901875,0.06985585301066614
FPL Energy Red Canyon LLC,84.0,1,NAICS-22 Non-Cogen,0.42659136742128545,-0.024705362563969102,0.06760243839741885
NWP Indian Mesa Wind Farm LP,82.5,1,NAICS-22 Non-Cogen,0.283739029640669,-0.044669371308715566,0.06639525199746493
"Golden Hills Wind, LLC",81.6,1,NAICS-22 Non-Cogen,0.3451239329976071,-0.021323306189506785,0.0656709401574926
"Beebe Renewable Energy, LLC",81.6,1,NAICS-22 Non-Cogen,0.2609328681381478,-0.047373343690846115,0.0656709401574926
Pecos Wind I LP,81.18,1,NAICS-22 Non-Cogen,0.2356156302910934,-0.006411576783428047,0.0653329279655055
"Bishop Hill Energy II, LLC",81.0,1,NAICS-22 Non-Cogen,0.4777162180395332,0.0961315748049203,0.06518806559751103
Laredo Ridge Wind LLC,81.0,1,NAICS-22 Non-Cogen,0.2803469832917313,,0.06518806559751103
"Elkhorn Ridge Wind, LLC",81.0,1,NAICS-22 Non-Cogen,0.19426594931300456,,0.06518806559751103
"Old Gold Energy Center, LLC",80.1,1,NAICS-22 Non-Cogen,0.11143572810853465,,0.06446375375753868
Llano Estacado Wind Ranch,80.0,1,NAICS-22 Non-Cogen,0.1349001024590164,-0.07738217213114754,0.06438327466420843
Broken Bow Wind LLC,80.0,1,NAICS-22 Non-Cogen,0.2926941029143898,,0.06438327466420843
Mountain Wind Power II LLC,79.8,1,NAICS-22 Non-Cogen,0.24270888971061536,,0.0642223164775479
NorthWestern Energy - (SD),79.55,1,Electric Utility,0.43302547686840487,-0.010253772644165327,0.06402111874422226
Arkwright Summit Wind Farm LLC,78.4,1,NAICS-22 Non-Cogen,0.3337163929779562,-0.037733843537414935,0.06309560917092426
"Golden Spread Electric Cooperative, Inc",78.2,1,Electric Utility,0.26456059377897034,-0.0911926008227002,0.06293465098426375
"NextEra Energy Montezuma Wind II, LLC",78.2,1,NAICS-22 Non-Cogen,0.2849373890682431,-0.014572531317112225,0.06293465098426375
"Vasco Winds, LLC",78.2,1,NAICS-22 Non-Cogen,0.3246282475926935,-0.004310615907089865,0.06293465098426375
"Black Oak Wind, LLC",78.0,1,NAICS-22 Non-Cogen,0.44043657465788616,0.0038195903974592715,0.06277369279760323
"Sendero Wind Energy, LLC",78.0,1,NAICS-22 Non-Cogen,0.37607275465882023,-0.0748914109569847,0.06277369279760323
Jericho Rise Wind Farm LLC,77.7,1,NAICS-22 Non-Cogen,0.30332147135425824,-0.02613562039791545,0.06253225551761243
Pecos Wind II LP,76.56,1,NAICS-22 Non-Cogen,0.24983381487762493,0.005718933255677183,0.06161479385364746
SRIV Partnership LLC,75.27,3,NAICS-22 Non-Cogen,0.297741520416511,-0.11724671795457875,0.06057661354968711
"Pinyon Pines Wind II, LLC",75.0,1,NAICS-22 Non-Cogen,0.3538479052823315,0.04036885245901639,0.0603593199976954
Steele Flats Wind Project LLC,74.8,1,NAICS-22 Non-Cogen,0.3034092735454838,-0.17765194130309847,0.06019836181103488
Pheasant Run Wind LLC,74.8,1,NAICS-22 Non-Cogen,0.37797819077954087,-0.01778726269444686,0.06019836181103488
"Chopin Wind, LLC",74.65,3,NAICS-22 Non-Cogen,0.2535728030149706,,0.06007764317103949
Blue Canyon Windpower LLC,74.25,1,NAICS-22 Non-Cogen,0.015355436575837305,-0.31352995651720605,0.05975572679771845
"Weaver Wind, LLC (Longroad)",72.6,1,NAICS-22 Non-Cogen,0.32570018365472914,,0.058427821757769144
"Lorenzo Wind, LLC",71.26,1,NAICS-22 Non-Cogen,0.5659225535469536,-0.0320234350517129,0.05734940190714366
Criterion Power Partners LLC,70.0,1,NAICS-22 Non-Cogen,0.3940915300546448,0.08465391621129326,0.05633536533118237
Green Mountain Power Corp,69.5,1,Electric Utility,0.23003751965500596,-0.029728405069935182,0.055932969864531064
"Michigan Wind 1, LLC",69.0,1,NAICS-22 Non-Cogen,0.2599307700430295,-0.019232926797075056,0.05553057439787977
Kawailoa Wind LLC,69.0,1,NAICS-22 Non-Cogen,0.19794553998046513,0.026738338481032686,0.05553057439787977
"Blue Summit II Wind, LLC",66.86,1,NAICS-22 Non-Cogen,0.6361946529926601,-0.028348458868189375,0.053808321800612194
Crystal Lake 3 LLC,66.0,1,NAICS-22 Non-Cogen,0.4260345945796766,0.12051181211017281,0.05311620159797196
Hog Creek Wind Project LLC,66.0,1,NAICS-22 Non-Cogen,0.3432308053209693,-0.0031513909587679856,0.05311620159797196
"Axium Arizona Renewables, LLC",65.1,1,NAICS-22 Non-Cogen,0.20335290529632152,0.0037370697735584213,0.052391889757999605
Eurus Combine Hills II LLC,63.0,1,NAICS-22 Non-Cogen,0.2956421487842253,-0.04700284789082604,0.05070182879806413
Spring Canyon Expansion LLC,62.65,1,NAICS-22 Non-Cogen,0.1307063412109662,,0.05042015197140822
Whitney Hill Wind Power LLC,62.56,1,NAICS-22 Non-Cogen,0.29599635351883685,-0.04779018699425597,0.05034772078741098
FPL Energy North Dakota Wind LLC,61.5,1,NAICS-22 Non-Cogen,0.2530950582729871,0.07093458912731204,0.04949464239811023
Mountain Wind Power LLC,60.9,1,NAICS-22 Non-Cogen,0.24604931791195217,,0.04901176783812867
Flat Water Wind Farm LLC,60.0,1,NAICS-22 Non-Cogen,0.4090524438372799,0.03817357316332726,0.048287455998156315
Whirlwind Energy LLC,59.8,1,NAICS-22 Non-Cogen,0.1931796029265737,-0.14874452485820983,0.0481264978114958
"Blackwell Wind, LLC",59.8,1,NAICS-22 Non-Cogen,0.16510903070952965,-0.22457219267625544,0.0481264978114958
Nebraska Public Power District,59.4,1,Electric Utility,0.11652269507460765,-0.1174483910139648,0.04780458143817475
"Harvest II Windfarm, LLC",59.4,1,NAICS-22 Non-Cogen,0.38675308028677796,-0.0029668267373185175,0.04780458143817475
Black Hills Electric Generation LLC,59.4,1,NAICS-22 Non-Cogen,0.34049703164001893,0.07756257193755917,0.04780458143817475
Black Hills Service Company LLC,59.22,1,Electric Utility,0.4018543432565058,0.33057441025991197,0.04765971907018029
Utah Associated Mun Power Sys,57.6,1,Electric Utility,0.33083352307225256,-0.03165675280813601,0.046355957758230065
"Wind Capital Holdings, LLC",56.7,1,NAICS-22 Non-Cogen,0.16518931326156583,-0.007346068529280408,0.045631645918257725
Howard Wind LLC (Longroad),55.35,1,NAICS-22 Non-Cogen,0.2243526457729665,,0.044545178158299205
"Pinnacle Wind, LLC",55.2,1,NAICS-22 Non-Cogen,0.3857020999973601,,0.044424459518303816
Butler Ridge Wind Energy Center,54.0,1,NAICS-22 Non-Cogen,0.29486271335087366,-0.020624620522161463,0.04345871039834069
"Harvest Windfarm, LLC",52.8,1,NAICS-22 Non-Cogen,0.24962526563448698,-0.016181711238063695,0.04249296127837756
FPL Energy Oliver County Wind II LLC,51.2,1,NAICS-22 Non-Cogen,0.40232284907217664,0.007039610371129323,0.04120529578509339
Wessington Wind,51.0,1,NAICS-22 Non-Cogen,0.5157014536233437,0.013917907782420857,0.04104433759843287
Record Hill Wind LLC,50.6,1,NAICS-22 Non-Cogen,0.2586831429044544,-0.022590930689647737,0.04072242122511183
FPL Energy Oliver County Wind,50.6,1,NAICS-22 Non-Cogen,0.3977385220703111,0.10186055134380151,0.04072242122511183
"Cow Branch Wind Power, LLC",50.4,1,NAICS-22 Non-Cogen,0.1377391613901177,-0.06509492818833668,0.04056146303845131
"Beebe 1B Renewable Energy, LLC",50.4,1,NAICS-22 Non-Cogen,0.28687846951166623,-0.03707137074623412,0.04056146303845131
"CR Clearing, LLC",50.4,1,NAICS-22 Non-Cogen,0.24420754185098448,0.056569890782664,0.04056146303845131
Hidalgo Wind Farm II LLC,50.4,1,NAICS-22 Non-Cogen,0.30399111299042997,0.05984455864920349,0.04056146303845131
Capital Power Corporation,50.4,1,NAICS-22 Non-Cogen,0.29415179474947234,-0.0980708305125676,0.04056146303845131
"Cotton Plains Wind I, LLC",50.4,1,NAICS-22 Non-Cogen,0.4417709327203863,0.007135538641686201,0.04056146303845131
NorthWestern Energy (MT wind/thermal),50.175,1,Electric Utility,0.3526099672231844,,0.040380385078458224
Roth Rock Wind Farm LLC,50.0,1,NAICS-22 Non-Cogen,0.2714352800546448,-0.02424151867030966,0.040239546665130264
Osceola Windpower II,49.6,1,NAICS-22 Non-Cogen,0.46133870600505317,-0.0011889285504436131,0.039917630291809225
FPL Energy Burleigh County Wind LLC,49.5,1,NAICS-22 Non-Cogen,0.43634201762617064,0.0279686666298688,0.039837151198478964
"FPL Energy Operating Services, Inc.",49.5,1,NAICS-22 Non-Cogen,0.4644969733767548,0.04050983422568122,0.039837151198478964
Wilton Wind II LLC,49.5,1,NAICS-22 Non-Cogen,0.45897499586024176,-0.011713215948188638,0.039837151198478964
Diamond Shamrock Refining Company LP,49.5,1,NAICS-22 Non-Cogen,0.2983339772957259,-0.07627964526871633,0.039837151198478964
"Casa Mesa Wind, LLC",48.4,1,NAICS-22 Non-Cogen,0.42887189706302975,-0.011995890349094485,0.0389518811718461
Silver Star I Power Partners LLC,48.0,1,NAICS-22 Non-Cogen,0.47563752276867033,0.32189919171220405,0.038629964798525054
Lakeswind Power Partners,48.0,1,NAICS-22 Non-Cogen,0.35781676912568305,-0.032997969793564064,0.038629964798525054
"Golden Hills Interconnection Wind, LLC",43.7,1,NAICS-22 Non-Cogen,0.335126691759096,-0.09443266934263667,0.03516936378532385
Junction Hilltop Management LLC,43.7,1,NAICS-22 Non-Cogen,0.3039603288188378,-0.037484343312309765,0.03516936378532385
Minnesota Municipal Power Agny,43.2,1,Electric Utility,0.31760713924306816,0.09080061391081426,0.03476696831867255
Justin McNeilus,42.45,1,NAICS-22 Non-Cogen,0.2519706029379898,,0.03416337511869559
"Palmer's Creek Wind Farm, LLC",42.1,1,NAICS-22 Non-Cogen,0.3393965058473839,-0.042097703014333965,0.033881698292039686
"Crofton Bluffs Wind, LLC",42.0,1,NAICS-22 Non-Cogen,0.2813475800156128,,0.033801219198709424
Eurus Combine Hills I LLC,41.0,1,NAICS-22 Non-Cogen,0.20256897241103558,-0.13382424807854634,0.03299642826540682
FPL Energy South Dakota Wind LLC,40.5,1,NAICS-22 Non-Cogen,0.22389754660550046,-0.01348130158087657,0.032594032798755515
TPW Petersburg LLC,40.5,1,NAICS-22 Non-Cogen,0.4564752973981875,-0.09297488137803867,0.032594032798755515
"BEAM US, LLC",40.08,1,NAICS-22 Non-Cogen,0.2645835378423481,-0.06575816945344282,0.032256020606768424
"Fourmile Wind Energy, LLC",40.0,1,NAICS-22 Non-Cogen,0.321826616575592,-0.03795284039162117,0.032191637332104214
"High Mesa Energy, LLC",39.9,1,NAICS-22 Non-Cogen,0.2611206979196626,-0.0031577977274698243,0.03211115823877395
Ringer Hill Wind LLC,39.9,1,NAICS-22 Non-Cogen,0.26893565881917914,-0.05444223034818374,0.03211115823877395
Salka Cabazon Wind LLC,38.25,1,NAICS-22 Non-Cogen,0.023423455599604747,,0.030783253198824655
"Lookout Windpower, LLC",37.8,1,NAICS-22 Non-Cogen,0.26878174362236296,,0.03042109727883848
Cerro Gordo Wind Farm,36.8,1,NAICS-22 Non-Cogen,0.5446352558010613,0.29932758176922475,0.029616306345535876
FPL Energy Montezuma Wind,36.8,1,NAICS-22 Non-Cogen,0.26428053476676966,-0.012157727488714687,0.029616306345535876
Big Blue Wind Farm LLC (MN),36.0,1,NAICS-22 Non-Cogen,0.221283014571949,-0.04814625075895568,0.02897247359889379
San Gorgonio Farms Inc,35.955,1,NAICS-22 Non-Cogen,0.25764054013468535,-0.08682113922160761,0.028936258006895175
Echo 1,34.65,1,NAICS-22 Non-Cogen,0.260706449743335,-0.014632607955695376,0.027886005838935274
"CPV Saddleback Ridge Wind, LLC",34.2,1,NAICS-22 Non-Cogen,0.27590036110312205,,0.027523849918949104
CHI Energy Inc,30.0,1,NAICS-22 Non-Cogen,0.2442357316332726,0.10728010984158526,0.024143727999078157
Red Horse 2,30.0,1,NAICS-22 Non-Cogen,0.22815346083788707,-0.033105646630236796,0.024143727999078157
"Fair Wind Power Partners, LLC",30.0,1,NAICS-22 Non-Cogen,0.31766089860352154,-0.02559414845173047,0.024143727999078157
"Kimball Wind, LLC",30.0,1,NAICS-22 Non-Cogen,0.4591568002428658,-0.02345173041894355,0.024143727999078157
AEM Wind LLC,29.9,1,NAICS-22 Non-Cogen,0.44751098074334,-0.07761908243020149,0.0240632489057479
CHI Operations Inc,29.7,1,NAICS-22 Non-Cogen,0.10618431966906466,-0.012540656514548429,0.023902290719087376
"Forward Windpower, LLC",29.4,1,NAICS-22 Non-Cogen,0.1850651462770901,,0.023660853439096595
Antrim Wind Energy LLC,28.8,1,NAICS-22 Non-Cogen,0.28049736895365307,-0.03661170562639143,0.023177978879115033
"Wildcat Wind, LLC",27.3,1,NAICS-22 Non-Cogen,0.23529711029711028,-0.1120460444230936,0.021970792479161127
Ridgewind Power Partners LLC,25.3,1,NAICS-22 Non-Cogen,0.3662831090664305,-0.020014831133861766,0.020361210612555913
ESI Vansycle Partners LP,25.08,1,NAICS-22 Non-Cogen,0.27230258437117805,-0.10728419512932025,0.02018415660722934
Golden Valley Elec Assn Inc,24.6,1,Electric Utility,0.18352381269714335,-0.029761243650687857,0.019797856959244093
Na Pua Makani Power Partners LLC,24.15,1,NAICS-22 Non-Cogen,0.5153073346230866,0.4474821527565648,0.01943570103925792
Auwahi Wind Energy LLC,24.0,1,NAICS-22 Non-Cogen,0.4141004477838494,-0.018418905585913803,0.019314982399262527
Midwest Power Partners LLC,23.75,1,NAICS-22 Non-Cogen,0.18378111718275653,0.05104280510018214,0.019113784665936877
CPV Canton Mountain Wind LLC,22.8,1,NAICS-22 Non-Cogen,0.2523427763397565,,0.0183492332792994
Power County Wind Park North LLC,22.5,1,NAICS-22 Non-Cogen,0.31012952843553937,-0.04558287795992716,0.018107795999308618
Power County Wind Park South LLC,22.5,1,NAICS-22 Non-Cogen,0.2701022060311678,-0.04890710382513658,0.018107795999308618
Idaho Winds LLC,22.4,1,NAICS-22 Non-Cogen,0.30631993234452254,0.0345189305230289,0.01802731690597836
Iowa Lakes Electric Coop,21.0,1,Electric Utility,0.38361956804579755,-0.024069737184491236,0.016900609599354712
Apollo Energy Corp,21.0,1,NAICS-22 Non-Cogen,0.6058743169398907,-0.03818089166449823,0.016900609599354712
"Hot Springs Windfarm, LLC",21.0,1,NAICS-22 Non-Cogen,0.2058667273831208,0.004870543845953673,0.016900609599354712
Bennett Creek Windfarm LLC,21.0,1,NAICS-22 Non-Cogen,0.2343871975019516,0.03047749154306531,0.016900609599354712
CPV Spruce Mountain Wind LLC,20.0,1,NAICS-22 Non-Cogen,0.3061930783242259,,0.016095818666052107
"Grant County Wind, LLC",20.0,1,NAICS-22 Non-Cogen,0.3125,0.01717326958105647,0.016095818666052107
Echo 2,20.0,1,NAICS-22 Non-Cogen,0.2360712659380692,-0.033413023679417175,0.016095818666052107
Edom Hills Project 1 LLC,20.0,1,NAICS-22 Non-Cogen,0.0693362932604736,,0.016095818666052107
"Aspenall Energies (Delaware), LLC",20.0,1,NAICS-22 Non-Cogen,0.16497040072859745,,0.016095818666052107
Pleasant Hill Wind Energy LLC,19.8,1,NAICS-22 Non-Cogen,0.22917586612941804,0.00015524093392946248,0.015934860479391588
Massachusetts Mun Wholes Electric Co,19.6,1,Electric Utility,0.1579460336046987,-0.16819193524404294,0.015773902292731064
"Cassia Gulch Wind Park, LLC",18.9,1,NAICS-22 Non-Cogen,0.2378964639893602,-0.01498196576748484,0.01521054863941924
"Marshall Wind Farm, LLC",18.9,1,NAICS-22 Non-Cogen,0.03721894546120412,-0.0014757471496997868,0.01521054863941924
"Buffalo Bear, LLC",18.9,1,NAICS-22 Non-Cogen,0.113090419329035,,0.01521054863941924
"Spanish Fork Wind Park 2, LLC",18.9,1,NAICS-22 Non-Cogen,0.26970032092982915,,0.01521054863941924
Fire Island Wind LLC,17.6,1,NAICS-22 Non-Cogen,0.31940175318761377,0.014088114754098324,0.014164320426125854
Westridge Windfarm LLC,17.1,1,NAICS-22 Non-Cogen,0.0019173617102866453,-0.00932716581983191,0.013761924959474552
International Turbine Res Inc,17.01,1,NAICS-22 Non-Cogen,0.007817109618364423,-0.05611854807361789,0.013689493775477318
CalWind Resources Inc,16.63,1,NAICS-22 Non-Cogen,0.423251349141876,0.020254974543470583,0.013383673220822328
Chevron USA,16.5,1,NAICS-22 Non-Cogen,0.0,-0.14273196445327593,0.01327905039949299
Jericho Power LLC,14.25,1,NAICS-22 Non-Cogen,0.1652126673696993,-0.03678138880899881,0.011468270799562126
"Foundation HA Energy Generation, LLC",13.9,2,NAICS-22 Non-Cogen,0.1679138575509691,0.006824418058462983,0.011186593972906214
"South Fork Wind, LLC",13.8,1,NAICS-22 Non-Cogen,0.43111982260236,0.039077967846677775,0.011106114879575954
"Greensburg Wind Farm, LLC",12.5,1,NAICS-22 Non-Cogen,0.09603825136612022,-0.09325136612021857,0.010059886666282566
"Lakota Ridge, LLC (Longroad)",12.25,1,NAICS-22 Non-Cogen,0.15488271811456822,,0.009858688932956916
"Shaokatan Hills, LLC (Longroad)",11.88,1,NAICS-22 Non-Cogen,0.11564491300374723,,0.009560916287634951
Madison Windpower LLC,11.55,1,NAICS-22 Non-Cogen,0.07397353708829117,-0.08592955314266788,0.009295335279645092
Pantex (NNSA),11.5,1,Commercial NAICS Non-Cogen,0.23494297933000713,-0.13105844618674267,0.009255095732979961
Consolidated Edison Solutions Inc.,11.4,2,NAICS-22 Non-Cogen,0.23987714963034396,,0.0091746166396497
Musselshell Wind Project LLC,10.5,1,NAICS-22 Non-Cogen,0.2503469511666233,-0.03214719403243993,0.008450304799677356
Musselshell Wind Project Two LLC,10.5,1,NAICS-22 Non-Cogen,0.28747072599531615,-0.047207043108682456,0.008450304799677356
"Cassia Wind Farm, LLC",10.5,1,NAICS-22 Non-Cogen,0.2048963483389713,-0.0010405282331511778,0.008450304799677356
Brookfield Renewable Trading and Marketing LP,10.0,1,NAICS-22 Non-Cogen,0.18852037795992715,-0.016051085961555106,0.008047909333026054
Durbin Creek,10.0,1,NAICS-22 Non-Cogen,0.19456967213114754,-0.08755692167577414,0.008047909333026054
Eastridge Wind Project,10.0,1,NAICS-22 Non-Cogen,0.21203324225865208,-0.0009676684881602948,0.008047909333026054
Prospector,10.0,1,NAICS-22 Non-Cogen,0.20969945355191258,-0.07986111111111108,0.008047909333026054
Ralls Wind Farm LLC,10.0,1,NAICS-22 Non-Cogen,0.12025273224043716,-0.04099499089253188,0.008047909333026054
Benson Creek,10.0,1,NAICS-22 Non-Cogen,0.2290528233151184,-0.09208788706739529,0.008047909333026054
Jett Creek,10.0,1,NAICS-22 Non-Cogen,0.20991575591985429,-0.09089253187613844,0.008047909333026054
Willow Spring,10.0,1,NAICS-22 Non-Cogen,0.24375,-0.09356785063752279,0.008047909333026054
Everpoint Services Inc,10.0,1,NAICS-22 Non-Cogen,0.0,,0.008047909333026054
Galactic Wind,9.9,1,Commercial NAICS Non-Cogen,0.25349119611414694,0.009394951334842083,0.007967430239695794
"Threemile Canyon Wind I, LLC",9.9,1,NAICS-22 Non-Cogen,0.2577689462935364,-0.031991131717907684,0.007967430239695794
Odessa Energy Services LLC,9.9,1,NAICS-22 Non-Cogen,0.22760620779746463,,0.007967430239695794
PaTu Wind Farm LLC,9.0,1,NAICS-22 Non-Cogen,0.37771959117587534,-0.025273224043715847,0.007243118399723448
Gordon Butte Wind LLC,9.0,1,NAICS-22 Non-Cogen,0.9202464076097956,-0.056795183161303386,0.007243118399723448
Kodiak Electric Assn Inc,9.0,1,Electric Utility,0.3305884436348917,0.018379376644403922,0.007243118399723448
"Cycle Holdings, LLC",9.0,1,NAICS-22 Non-Cogen,0.001366120218579235,,0.007243118399723448
"Pisgah Mountain, LLC",9.0,1,NAICS-22 Non-Cogen,0.3195582877959927,-0.0626517911353977,0.007243118399723448
Foundation CA Fund VI Manager LLC,8.7,1,NAICS-22 Non-Cogen,0.12899341131602915,-0.017860361642380085,0.0070016811197326665
Southern Minnesota Mun P Agny,8.5,1,Electric Utility,0.32758324894595386,-0.0042857112529243735,0.006840722933072146
"Agriwind Holdings, LLC",8.4,1,NAICS-22 Non-Cogen,0.1720525414172955,,0.006760243839741885
"Greenback Energy, LLC (Longroad)",8.25,1,NAICS-22 Non-Cogen,0.06782303913451454,,0.006639525199746495
"Huerfano River Wind, LLC",8.0,1,NAICS-22 Non-Cogen,0.18166552823315119,-0.03953210382513661,0.0064383274664208436
City of Lamar - (CO),7.5,1,Electric Utility,0.19060412871888283,-0.010245901639344246,0.006035931999769539
"American Mun Power-Ohio, Inc",7.2,1,Electric Utility,0.05673193685488767,-0.08966745092086623,0.005794494719778758
"Perennial Wind, LLC",6.9,1,NAICS-22 Non-Cogen,0.49351917847997673,-0.07823843087563687,0.005553057439787977
"Creston Ridge II, LLC",6.9,1,NAICS-22 Non-Cogen,0.47629418441962984,-0.04776471054090442,0.005553057439787977
"Creston Ridge, LLC",6.8,1,NAICS-22 Non-Cogen,0.40752571520411446,-0.07553841208614592,0.005472578346457716
"Foundation CA Fund V Manager, LLC",6.2,1,NAICS-22 Non-Cogen,0.5011894258500303,-0.03479218844869458,0.004989703786476153
RENEW Energy Inc,6.0,1,Commercial NAICS Non-Cogen,0.11130085003035822,-0.07163276664642787,0.004828745599815632
Wind Colebrook South,5.7,1,NAICS-22 Non-Cogen,0.20871281117182755,-0.034632345892052524,0.00458730831982485
Brewster,5.7,1,NAICS-22 Non-Cogen,0.0811083948486882,0.03249528648579555,0.00458730831982485
Wind Wall 1 LLC,5.58,1,NAICS-22 Non-Cogen,3.446187177497894,3.446187177497894,0.004490733407828538
City of Worthington - (MN),5.5,1,Electric Utility,0.1834119887398576,-0.04023845007451565,0.004426350133164329
GL Wind LLC,5.0,1,NAICS-22 Non-Cogen,0.1478825136612022,-0.07884790528233149,0.004023954666513027
Loess Hills Wind Farm LLC,5.0,1,NAICS-22 Non-Cogen,0.14596994535519126,0.002506830601092913,0.004023954666513027
Cashton Greens Wind Farm LLC,5.0,1,NAICS-22 Non-Cogen,0.24419398907103826,-0.012454462659380688,0.004023954666513027
"Rock County Wind Fuel, LLC",5.0,1,NAICS-22 Non-Cogen,0.46193078324225867,0.19439890710382518,0.004023954666513027
Narragansett Bay Commission,4.5,1,Commercial NAICS Non-Cogen,0.1479204614450516,-0.038479052823315124,0.003621559199861724
OEE XXVIII LLC,4.5,1,Industrial NAICS Non-Cogen,0.1429872495446266,0.0243624772313297,0.003621559199861724
OEE XXX LLC,4.5,1,Industrial NAICS Non-Cogen,0.09820886460230722,-0.01732948795790326,0.003621559199861724
OEE XXIII LLC,4.5,1,Industrial NAICS Non-Cogen,0.1429872495446266,-0.09535013155231734,0.003621559199861724
"OEE XIX, LLC",4.5,1,Industrial NAICS Non-Cogen,0.16833636915604128,-0.11275551507791948,0.003621559199861724
Air Force Civil Engineer Center,4.5,1,NAICS-22 Non-Cogen,0.24521857923497267,0.012396276057478228,0.003621559199861724
OEE XXVI LLC,4.5,1,NAICS-22 Non-Cogen,0.16218882817243474,-0.10493827160493824,0.003621559199861724
"WED Coventry Two, LLC",4.5,1,NAICS-22 Non-Cogen,0.16914592187816233,-0.08953147136207243,0.003621559199861724
Fox Island Wind LLC,4.5,1,NAICS-22 Non-Cogen,0.19328071240639547,-0.05542906294272415,0.003621559199861724
Cooper Hatchery Inc.,4.5,1,Industrial NAICS Non-Cogen,0.32268265533292856,-0.010650678000404756,0.003621559199861724
Haviland Plastic Products Co,4.5,1,Industrial NAICS Non-Cogen,0.32612325440194295,-0.0011384335154826508,0.003621559199861724
CPV Beaver Ridge Wind LLC,4.5,1,NAICS-22 Non-Cogen,0.2621432908318154,,0.003621559199861724
Gamesa Wind US LLC,4.25,1,NAICS-22 Non-Cogen,0.06332369013179043,-0.2963141540769313,0.003420361466536073
Willmar Municipal Utilities,4.0,1,Electric Utility,0.08839936247723133,-0.013461976320582866,0.0032191637332104218
Fort Hays State University,4.0,1,Commercial NAICS Non-Cogen,0.36270491803278687,-0.07843806921675778,0.0032191637332104218
"Community Renewables, LLC",3.8,1,NAICS-22 Non-Cogen,0.00826862237561116,-0.16573195283290196,0.0030582055465499
"Foundation CA Fund VIII Manager, LLC",3.7,1,NAICS-22 Non-Cogen,0.26420888101215967,0.016153448530497716,0.0029777264532196398
West Texas A&M University,3.57,1,Commercial NAICS Non-Cogen,0.2807179338037583,-0.05813345374579704,0.002873103631890301
US Air Force,3.36,1,Commercial NAICS Non-Cogen,0.15690730982739182,-0.13539227166276346,0.002704097535896754
Henkel U.S. Operations Corporation,3.3,1,Industrial NAICS Non-Cogen,0.06468372247060772,,0.0026558100798985975
Dept of Corrections NCCI Wind,3.3,1,Commercial NAICS Non-Cogen,0.17021305955732188,0.02194071866203015,0.0026558100798985975
Carleton College,3.25,1,Commercial NAICS Non-Cogen,0.29613282891971415,0.02672691607117833,0.002615570533233467
"NextEra Renewable Fuels, LLC",3.2,1,NAICS-22 Non-Cogen,0.12170565801457194,,0.002575330986568337
"WED Shun III, LLC",3.0,1,NAICS-22 Non-Cogen,0.2519353369763206,-0.017987249544626605,0.002414372799907816
"WED Plainfield II, LLC",3.0,1,NAICS-22 Non-Cogen,0.22210837887067394,-0.033925318761384354,0.002414372799907816
"WED Green Hill, LLC",3.0,1,NAICS-22 Non-Cogen,0.237894656952034,-0.006223436551305417,0.002414372799907816
"WED Plainfield III, LLC",3.0,1,NAICS-22 Non-Cogen,0.2321265938069217,-0.010549483910139629,0.002414372799907816
Aeolus Wind LLC,3.0,1,NAICS-22 Non-Cogen,0.0,-0.04181845780206436,0.002414372799907816
Town of Princeton - (MA),3.0,1,Electric Utility,0.13964784456587737,-0.017190346083788693,0.002414372799907816
"WED Plainfield, LLC",3.0,1,NAICS-22 Non-Cogen,0.22935640558591378,-0.028233151183970878,0.002414372799907816
Fairhaven Wind LLC,3.0,1,NAICS-22 Non-Cogen,0.1398755312689739,-0.08037340619307831,0.002414372799907816
Findlay Wind Farm,3.0,1,Industrial NAICS Non-Cogen,0.18954918032786885,-0.10196569520340013,0.002414372799907816
"WED Shun I, LLC",3.0,1,NAICS-22 Non-Cogen,0.24009562841530055,-0.051988463873709784,0.002414372799907816
Lime Wind LLC,3.0,1,NAICS-22 Non-Cogen,0.20229963570127504,0.0012902246508803838,0.002414372799907816
Bluestem LLC,3.0,1,NAICS-22 Non-Cogen,0.36835913782635094,-0.013623254401942952,0.002414372799907816
City of Geneseo - (IL),3.0,1,Electric Utility,0.22647237401335762,0.004288099574984827,0.002414372799907816
OEE XXV LLC,3.0,1,Industrial NAICS Non-Cogen,0.13554948391013966,-0.14518822100789314,0.002414372799907816
"WED Shun II, LLC",3.0,1,NAICS-22 Non-Cogen,0.24518063145112326,-0.020377959927140227,0.002414372799907816
"S.C. Johnson & Son, Inc.",3.0,1,Industrial NAICS Cogen,0.18514723740133576,-0.08507893139040679,0.002414372799907816
Kotzebue Electric Assn Inc,2.735,1,Electric Utility,0.11854693426306098,-0.04724395027688702,0.0022011032025826254
Waverly Municipal Elec Utility,2.7,1,Electric Utility,0.27389867098428117,0.01998583282736288,0.0021729355199170343
Nome Joint Utility Systems,2.55,1,Electric Utility,0.06589521054323369,-0.04049251758991394,0.0020522168799216437
FPC Services Inc.,2.5,1,NAICS-22 Non-Cogen,0.327959927140255,0.04322222222222222,0.0020119773332565134
Regents of the University of Minnesota,2.5,1,NAICS-22 Non-Cogen,0.1168032786885246,-0.008196721311475405,0.0020119773332565134
Kirkwood Community College,2.5,1,NAICS-22 Non-Cogen,0.0,-0.11033697632058288,0.0020119773332565134
Lincoln Electric Company,2.5,1,Industrial NAICS Non-Cogen,0.1540983606557377,-0.02249544626593808,0.0020119773332565134
Hull Municipal Light Plant,2.46,1,Electric Utility,0.0,-0.14804263479793267,0.001979785695924409
Adams Electric Cooperative,2.4,1,Electric Utility,4.7434729811778997e-05,-0.1354735883424408,0.0019314982399262527
City of Algona - (IA),2.25,1,Electric Utility,0.23178506375227687,-0.027524792552114985,0.001810779599930862
First State Marine Wind,2.0,1,Commercial NAICS Non-Cogen,0.14981785063752276,-0.1449795081967213,0.0016095818666052109
"631-56 Airport Owner, LLC",2.0,1,Industrial NAICS Non-Cogen,0.0,,0.0016095818666052109
"Hilltop Power, LLC",2.0,1,NAICS-22 Non-Cogen,0.23275273224043716,-0.019353369763205813,0.0016095818666052109
Tennessee Valley Authority,1.98,1,Electric Utility,0.0,0.0,0.0015934860479391584
Wind Stream Operations LLC,1.89,1,NAICS-22 Non-Cogen,inf,,0.0015210548639419243
"Wind GEM, LLC",1.85,1,NAICS-22 Non-Cogen,0.31549992615566386,0.0012307389356570053,0.0014888632266098199
Alaska Environmental Power,1.8,1,NAICS-22 Non-Cogen,0.2448264521351953,0.0013914187411455115,0.0014486236799446895
"CS Wind America, Inc.",1.8,1,Industrial NAICS Non-Cogen,0.17316838696620115,,0.0014486236799446895
"Roseman Energy, LLC",1.79,1,NAICS-22 Non-Cogen,0.4603977775742589,0.009349146747260118,0.0014405757706116636
Birch Power LLC,1.79,1,NAICS-22 Non-Cogen,0.43565751849477463,0.00038159782641877804,0.0014405757706116636
"Green Energy Machine, LLC",1.79,1,NAICS-22 Non-Cogen,0.4264991706607239,0.060101657660957986,0.0014405757706116636
"August Wind Energy, LLC",1.79,1,NAICS-22 Non-Cogen,0.4110444586907633,-0.03205421741917758,0.0014405757706116636
Seward Wind LLC,1.7,1,NAICS-22 Non-Cogen,0.48771831136826316,-0.03241187185256622,0.001368144586614429
"Foundation CA Fund IX Manager, LLC",1.7,1,NAICS-22 Non-Cogen,0.37554912675452695,0.03207703846565946,0.001368144586614429
"CCC Hastings Renewable Energy, LLC",1.7,1,NAICS-22 Non-Cogen,0.4444578377799207,-0.08397621343619416,0.001368144586614429
"Sky Volt, LLC",1.68,1,NAICS-22 Non-Cogen,0.34546036082921333,-0.02744437939110067,0.001352048767948377
University of Minnesota WCROC,1.65,1,NAICS-22 Non-Cogen,0.27653585030634215,-0.042915493735165844,0.0013279050399492987
Illinois Rural Electric Coop,1.65,1,Electric Utility,0.02345863001600707,-0.14323563503891373,0.0013279050399492987
Heartland Community College,1.65,1,Commercial NAICS Non-Cogen,0.2661174587404096,-0.017800960423911216,0.0013279050399492987
Notus Clean Energy LLC,1.65,1,NAICS-22 Non-Cogen,0.29412982281834743,-0.048642159297897,0.0013279050399492987
Iowa Lakes Community College,1.65,1,Commercial NAICS Non-Cogen,0.14461555445162003,-0.1475133852183033,0.0013279050399492987
University of Minnesota Morris Campus,1.65,1,Commercial NAICS Non-Cogen,0.2792266931611194,-0.09148865706242754,0.0013279050399492987
"Wiota Wind Energy, LLC #1",1.6,1,NAICS-22 Non-Cogen,0.31292691256830596,-0.08908242258652094,0.0012876654932841684
"Forward Fontanelle Power, LLC",1.6,1,NAICS-22 Non-Cogen,0.40549578779599266,-0.002419171220400751,0.0012876654932841684
"Greenfield Wind Power, LLC",1.6,1,NAICS-22 Non-Cogen,0.3778176229508196,0.024832081056466282,0.0012876654932841684
"Meadow Ridge Wind Energy, LLC",1.6,1,NAICS-22 Non-Cogen,0.3753984517304189,-0.024832081056466282,0.0012876654932841684
Luther College Wind Energy Project LLC,1.6,1,NAICS-22 Non-Cogen,0.1886953551912568,-0.013020833333333343,0.0012876654932841684
"Cumberland Rose Wind Energy, LLC",1.6,1,NAICS-22 Non-Cogen,0.37212545537340613,0.006119080145719491,0.0012876654932841684
Town of Ipswich - (MA),1.6,1,Electric Utility,0.10815118397085609,-0.16037682149362475,0.0012876654932841684
Kas Brothers Windfarm LLC,1.5,1,NAICS-22 Non-Cogen,0.13387978142076504,-0.10344565877352763,0.001207186399953908
"OEE XVII, LLC",1.5,1,Commercial NAICS Non-Cogen,0.14951426836672738,-0.1023831208257438,0.001207186399953908
OEE XXIV LLC,1.5,1,Industrial NAICS Non-Cogen,0.14245598057073466,-0.16795689131754704,0.001207186399953908
City of Osage - (IA),1.5,1,Electric Utility,0.350789313904068,0.018897996357012725,0.001207186399953908
City of Traer - (IA),1.5,1,Electric Utility,0.44186399514268365,,0.001207186399953908
New London Municipal Utilities,1.5,1,Electric Utility,0.3251366120218579,0.0031876138433515333,0.001207186399953908
Hawkeye Power Partners LLC,1.5,1,NAICS-22 Non-Cogen,13.361718275652702,7.343503339404979,0.001207186399953908
City of Moorhead - (MN),1.5,1,Electric Utility,0.09418639951426837,-0.0737704918032787,0.001207186399953908
Scituate Wind LLC,1.5,1,NAICS-22 Non-Cogen,0.1786581663630844,-0.07748937462052213,0.001207186399953908
Mesalands Community College,1.5,1,Commercial NAICS Non-Cogen,0.0,-0.06701578627808136,0.001207186399953908
"WED Coventry One, LLC",1.5,1,NAICS-22 Non-Cogen,0.18328779599271403,-0.03597449908925318,0.001207186399953908
"WED Coventry Three, LLC",1.5,1,NAICS-22 Non-Cogen,0.16848816029143898,-0.08219489981785061,0.001207186399953908
"WED Coventry Four, LLC",1.5,1,NAICS-22 Non-Cogen,0.17182756527018822,-0.016241651487553133,0.001207186399953908
Camelot Wind LLC,1.5,1,NAICS-22 Non-Cogen,0.17562234365513055,-0.030282331511839705,0.001207186399953908
Hamilton Wind Energy LLC,1.5,1,NAICS-22 Non-Cogen,0.38486642380085,-0.022313296903460844,0.001207186399953908
MWRA Charlestown,1.5,1,NAICS-22 Non-Cogen,0.0945658773527626,-0.03164845173041893,0.001207186399953908
Buffalo Center Wind LLC,1.5,1,NAICS-22 Non-Cogen,0.364146933819065,-0.03931390406800239,0.001207186399953908
"Bulldog Wind Energy, LLC",1.5,1,NAICS-22 Non-Cogen,0.31397996357012753,-0.06762295081967212,0.001207186399953908
"Wolverine Wind Energy, LLC",1.5,1,NAICS-22 Non-Cogen,0.3699908925318761,0.016772920461445018,0.001207186399953908
Lincoln Electric System,1.32,1,Electric Utility,0.08452006402826075,-0.12686634100568528,0.0010623240319594391
Massachusetts Wtr Rauth-Deer I,1.2,1,Commercial NAICS Cogen,0.0662141393442623,-0.11251707650273225,0.0009657491199631264
City of Mountain Lake - (MN),1.2,1,Electric Utility,0.23062765634486948,-0.06128567091681847,0.0009657491199631264
Case Western Reserve University,1.1,1,NAICS-22 Non-Cogen,0.07348070872661036,-0.0062096373571783325,0.0008852700266328659
Harbec Energy,1.1,1,Industrial NAICS Cogen,0.0016559032952475573,-0.054127338963404534,0.0008852700266328659
Shane's Wind Machine LLC,0.75,1,NAICS-22 Non-Cogen,1.0255009107468125,0.24058894960534316,0.000603593199976954
GE Wind Energy LLC,0.0,1,NAICS-22 Non-Cogen,inf,,0.0
